name,overall,height,weight,shooting,inside_scoring,athleticism,playmaking,defense,rebounding,age,games,games_started,minutes_played,field_goals,field_goal_attempts,field_goal_%,3-point_field_goals,3-point_field_goal_attempts,3-point_field_goal_%,2-point_field_goals,2-point_field_goal_attempts,2-point_field_goal_%,effective_field_goal_%,free_throws,free_throw_attempts,free_throw_%,offensive_rebounds,defensive_rebounds,total_rebounds,assists,steals,blocks,turnovers,personal_fouls,points,salary,salary_adjusted
LeBron James,93,81,250,81,85,87,88,74,70,36,45,45,1504,422,823,0.513,104,285,0.365,318,538,0.591,0.576,178,255,0.698,29,317,346,350,48,25,168,70,1126,39219566,46417307
Anthony Davis,93,82,253,83,87,84,64,81,77,27,36,36,1162,301,613,0.491,26,100,0.26,275,513,0.536,0.512,158,214,0.738,62,224,286,110,45,59,74,60,786,32742000,38750950
Giannis Antetokounmpo,93,83,242,80,84,85,82,78,84,26,61,61,2013,626,1100,0.569,67,221,0.303,559,879,0.636,0.6,398,581,0.685,97,574,671,357,72,73,207,168,1717,27528088,32580159
Kawhi Leonard,93,79,230,88,76,81,78,84,56,29,52,52,1773,465,908,0.512,101,254,0.398,364,654,0.557,0.568,261,295,0.885,55,282,337,269,81,21,105,82,1292,34379100,40688498
Stephen Curry,92,75,190,92,58,81,89,67,55,32,63,63,2152,658,1365,0.482,337,801,0.421,321,564,0.569,0.605,362,395,0.916,29,316,345,363,77,8,213,119,2015,43006362,50899072
James Harden,92,77,220,88,76,85,86,66,59,93,88,86,3218,684,1468,0.466,242,668,0.362,442,800,0.552,0.548,556,646,0.861,70,626,696,950,106,66,354,198,2166,41254920,48826198
Kevin Durant,92,82,240,90,79,77,79,70,58,32,35,32,1157,324,603,0.537,85,189,0.45,239,414,0.577,0.608,210,238,0.882,13,234,247,195,25,45,120,70,943,40108950,47469914
Damian Lillard,91,74,195,89,63,85,90,62,48,30,67,67,2398,602,1334,0.451,275,704,0.391,327,630,0.519,0.554,449,484,0.928,32,251,283,505,62,17,203,102,1928,31626953,37431265
Luka Doncic,90,79,218,85,77,82,86,63,75,21,66,66,2262,647,1351,0.479,192,548,0.35,455,803,0.567,0.55,344,471,0.73,54,473,527,567,64,36,281,152,1830,8049360,9526612
Kyrie Irving,90,74,193,90,62,79,88,63,47,28,54,54,1886,549,1086,0.506,152,378,0.402,397,708,0.561,0.576,201,218,0.922,52,205,257,324,76,37,130,140,1451,33722850,39911810
Nikola Jokic,90,84,250,88,88,76,78,64,85,25,72,72,2488,732,1293,0.566,92,237,0.388,640,1056,0.606,0.602,342,394,0.868,205,575,780,599,95,48,222,192,1898,29542010,34963685
Joel Embiid,90,84,250,85,86,77,55,71,88,26,51,51,1585,461,899,0.513,58,154,0.377,403,745,0.541,0.545,471,548,0.859,113,426,539,145,50,69,159,123,1451,29542010,34963685
Jimmy Butler,90,79,232,86,73,80,79,79,58,31,52,52,1745,366,736,0.497,25,102,0.245,341,634,0.538,0.514,359,416,0.863,94,265,359,369,108,18,109,71,1116,34379100,40688498
Paul George,89,80,220,82,72,81,76,80,56,30,54,54,1821,445,953,0.467,171,416,0.411,274,537,0.51,0.557,198,228,0.868,45,314,359,280,62,24,179,132,1259,35450412,41956422
Ben Simmons,88,82,230,70,82,85,80,79,60,24,58,58,1877,325,583,0.557,3,10,0.3,322,573,0.562,0.56,176,287,0.613,93,324,417,401,93,35,173,171,829,30559200,36167554
Trae Young,87,73,180,88,55,77,87,52,48,22,63,63,2125,487,1112,0.438,136,397,0.343,351,715,0.491,0.499,484,546,0.886,38,207,245,594,53,12,261,111,1594,6571800,7777884
Chris Paul,87,72,175,88,56,76,86,76,52,35,70,70,2199,439,879,0.499,102,258,0.395,337,621,0.543,0.557,169,181,0.934,25,287,312,622,99,19,156,166,1149,41358814,48949159
Karl-Anthony Towns,87,83,248,86,86,82,67,63,81,25,50,50,1689,425,875,0.486,122,315,0.387,303,560,0.541,0.555,267,311,0.859,133,396,529,225,39,57,160,186,1239,29467800,34875855
Russell Westbrook,87,75,200,79,71,88,86,70,66,32,65,65,2369,544,1238,0.439,86,273,0.315,458,965,0.475,0.474,271,413,0.656,109,641,750,763,89,23,312,190,1445,41358814,48949159
Jayson Tatum,87,80,208,86,72,78,73,77,66,22,64,64,2290,605,1318,0.459,187,485,0.386,418,833,0.502,0.53,295,340,0.868,50,422,472,276,75,31,171,122,1692,9897120,11713481
Donovan Mitchell,87,73,215,89,62,86,79,69,51,24,53,53,1771,478,1091,0.438,178,461,0.386,300,630,0.476,0.52,267,316,0.845,50,185,235,277,52,15,147,117,1401,5195501,6149001
Pascal Siakam,86,81,230,80,81,81,64,75,67,26,56,56,2006,437,961,0.455,73,246,0.297,364,715,0.509,0.493,249,301,0.827,95,310,405,250,64,37,130,174,1196,30559200,36167554
Bradley Beal,86,75,207,86,67,79,80,59,47,27,60,60,2147,670,1382,0.485,130,373,0.349,540,1009,0.535,0.532,408,459,0.889,72,211,283,265,69,22,187,140,1878,28751774,34028421
Rudy Gobert,86,85,245,66,75,63,43,75,88,28,71,71,2187,391,579,0.675,0,4,0.0,391,575,0.68,0.675,233,374,0.623,240,720,960,89,40,190,118,163,1015,27525281,32576837
Devin Booker,86,77,210,88,66,76,82,58,46,24,67,67,2270,623,1287,0.484,126,371,0.34,497,916,0.543,0.533,340,392,0.867,34,247,281,289,53,16,207,181,1712,29467800,34875855
Khris Middleton,86,79,222,89,66,72,72,68,55,29,68,68,2269,511,1074,0.476,151,365,0.414,360,709,0.508,0.546,212,236,0.898,54,352,406,370,74,9,178,160,1385,33051724,39117516
Kemba Walker,85,72,184,84,54,80,86,62,43,30,43,43,1369,284,676,0.42,127,353,0.36,157,323,0.486,0.514,134,149,0.899,16,154,170,212,48,12,88,61,829,34379100,40688498
Brandon Ingram,85,79,190,84,75,73,73,61,57,23,61,61,2093,513,1101,0.466,143,375,0.381,370,726,0.51,0.531,281,320,0.878,34,265,299,296,42,36,154,124,1450,27285000,32292459
Andre Drummond,85,82,279,62,74,76,55,73,90,81,92,92,2484,564,1144,0.493,0,16,0.0,564,1128,0.5,0.493,246,410,0.6,332,770,1102,188,126,98,248,298,1374,28751774,34028421
Bam Adebayo,85,81,255,78,84,80,68,75,77,23,64,64,2143,456,800,0.57,2,8,0.25,454,792,0.573,0.571,283,354,0.799,142,431,573,346,75,66,169,145,1197,5115492,6054308
Kristaps Porzingis,85,87,240,83,84,75,48,65,81,25,43,43,1327,325,683,0.476,97,258,0.376,228,425,0.536,0.547,118,138,0.855,82,299,381,68,20,58,51,115,865,29467800,34875855
DeMar DeRozan,85,78,220,82,75,80,78,61,49,31,61,61,2056,455,920,0.495,19,74,0.257,436,846,0.515,0.505,387,440,0.88,40,219,259,422,56,15,119,128,1316,27739975,32830932
Jamal Murray,84,76,207,88,66,78,82,56,43,23,48,48,1704,378,792,0.477,129,316,0.408,249,476,0.523,0.559,133,153,0.869,37,157,194,231,64,13,108,95,1018,27285000,32292459
Zion Williamson,84,78,285,77,83,86,67,61,70,20,61,61,2026,634,1037,0.611,10,34,0.294,624,1003,0.622,0.616,369,529,0.698,167,274,441,226,57,39,167,135,1647,10245480,12125773
Kyle Lowry,84,72,196,83,53,82,85,75,49,34,46,46,1601,260,596,0.436,131,331,0.396,129,265,0.487,0.546,140,160,0.875,35,212,247,338,45,14,126,143,791,30500000,36097489
Hassan Whiteside,84,84,265,68,73,67,40,65,89,31,36,4,546,126,224,0.562,0,1,0.0,126,223,0.565,0.562,41,79,0.519,61,154,215,20,9,46,40,73,293,2320044,2745828
Tobias Harris,84,80,235,85,74,73,68,55,56,28,62,62,2014,473,924,0.512,82,208,0.394,391,716,0.546,0.556,182,204,0.892,62,357,419,220,55,51,107,119,1210,34358850,40664532
John Collins,84,81,235,85,80,76,51,61,75,23,63,63,1848,429,771,0.556,83,208,0.399,346,563,0.615,0.61,170,204,0.833,118,349,467,78,34,63,84,193,1111,4137302,4896597
John Wall,83,76,210,77,60,82,85,70,40,30,40,40,1288,293,726,0.404,79,249,0.317,214,477,0.449,0.458,158,211,0.749,17,112,129,275,42,31,141,46,823,41254920,48826198
DeMarcus Cousins,83,82,270,75,87,74,68,62,70,90,82,22,1426,260,610,0.426,94,270,0.348,166,340,0.488,0.503,118,162,0.728,106,420,526,152,68,48,128,214,732,3051832,3611916
Jrue Holiday,83,75,205,70,53,73,75,76,46,30,59,56,1907,414,823,0.503,111,283,0.392,303,540,0.561,0.57,107,136,0.787,73,195,268,357,96,37,127,98,1046,27026011,31985939
LaMarcus Aldridge,83,83,260,86,80,68,48,61,68,105,52,46,1348,280,592,0.473,62,160,0.388,218,432,0.505,0.525,82,94,0.872,38,198,236,98,22,58,54,94,704,17628340,20863567
Domantas Sabonis,83,83,240,80,78,67,58,44,80,24,62,62,2231,484,904,0.535,52,162,0.321,432,742,0.582,0.564,240,328,0.732,150,592,742,415,76,33,213,203,1260,19800000,23433780
Ja Morant,83,75,175,82,58,80,84,60,48,21,63,63,2053,430,957,0.449,73,241,0.303,357,716,0.499,0.487,271,372,0.728,59,193,252,465,57,13,203,87,1204,9166800,10849130
De'Aaron Fox,83,75,175,79,54,82,86,66,45,23,58,58,2036,529,1110,0.477,103,320,0.322,426,790,0.539,0.523,300,417,0.719,33,170,203,417,87,27,174,170,1461,8099627,9586104
Nikola Vucevic,83,83,260,85,82,71,59,57,84,90,140,140,4696,1332,2792,0.477,352,880,0.4,980,1912,0.513,0.54,262,312,0.84,292,1342,1634,538,130,96,252,274,3278,26000000,30771630
D'Angelo Russell,83,76,198,85,58,74,83,58,42,24,42,26,1196,281,652,0.431,120,310,0.387,161,342,0.471,0.523,114,149,0.765,16,95,111,244,45,18,112,68,796,28649250,33907081
Zach LaVine,83,78,200,80,69,81,80,61,53,25,58,58,2034,569,1123,0.507,200,477,0.419,369,646,0.571,0.596,253,298,0.849,36,253,289,282,46,27,203,138,1591,19500000,23078722
Jaylen Brown,83,78,220,84,69,80,71,72,58,24,58,58,1999,538,1111,0.484,163,411,0.397,375,700,0.536,0.558,191,250,0.764,71,276,347,195,72,32,158,168,1430,25035118,29629669
Deandre Ayton,83,83,250,79,80,78,54,63,85,22,69,69,2115,430,687,0.626,4,20,0.2,426,667,0.639,0.629,133,173,0.769,228,499,727,99,41,81,103,196,997,10018200,11856782
Shai Gilgeous-Alexander,83,77,181,86,67,77,79,67,56,22,35,35,1180,287,565,0.508,71,170,0.418,216,395,0.547,0.571,185,229,0.808,19,147,166,207,27,23,106,70,830,4141320,4901352
Steven Adams,82,83,265,63,72,67,50,69,83,27,58,58,1605,189,308,0.614,0,3,0.0,189,305,0.62,0.614,60,135,0.444,213,301,514,111,54,38,78,113,438,29592695,35023672
Eric Bledsoe,82,73,205,76,50,78,80,73,47,31,71,70,2111,307,730,0.421,121,355,0.341,186,375,0.496,0.503,134,195,0.687,29,215,244,268,55,24,114,112,869,16875000,19971971
Montrezl Harrell,82,79,240,71,83,76,47,63,70,27,69,1,1580,375,603,0.622,0,10,0.0,375,593,0.632,0.622,181,256,0.707,158,270,428,73,46,49,74,128,931,9258000,10957067
Blake Griffin,82,81,250,71,82,82,69,59,54,93,92,60,2372,348,822,0.423,140,410,0.341,208,412,0.505,0.509,174,234,0.744,70,380,450,280,64,30,124,222,1010,33900241,40121756
Kevin Love,82,80,251,84,74,70,56,53,73,32,25,25,622,103,252,0.409,57,156,0.365,46,96,0.479,0.522,42,51,0.824,17,169,186,63,16,2,38,26,305,31258256,36994903
Clint Capela,82,82,240,64,71,75,35,67,86,26,63,63,1898,413,695,0.594,0,0,,413,695,0.594,0.594,130,227,0.573,297,606,903,49,44,129,73,145,956,18000000,21303436
Victor Oladipo,82,76,210,79,62,79,75,72,48,112,66,66,2160,470,1152,0.408,156,478,0.326,314,674,0.466,0.476,208,276,0.754,24,296,320,302,92,28,166,162,1304,21000000,24854009
Andrew Wiggins,82,79,194,77,70,82,72,60,47,25,71,71,2364,505,1058,0.477,140,368,0.38,365,690,0.529,0.543,170,238,0.714,82,265,347,167,67,70,126,159,1320,29542010,34963685
Jusuf Nurkic,82,84,275,77,75,62,51,61,86,26,37,37,880,171,333,0.514,12,30,0.4,159,303,0.525,0.532,70,113,0.619,86,246,332,125,38,39,73,103,424,12888889,15254312
Spencer Dinwiddie,82,77,210,80,61,73,84,59,48,27,3,3,64,6,16,0.375,2,7,0.286,4,9,0.444,0.438,6,6,1.0,0,13,13,9,2,1,5,4,20,11454048,13556143
Danilo Gallinari,82,82,225,85,74,69,63,55,53,32,51,4,1222,206,475,0.434,103,254,0.406,103,221,0.466,0.542,161,174,0.925,17,194,211,76,30,10,43,105,676,19500000,23078722
Gordon Hayward,82,79,225,86,61,75,74,61,53,30,44,44,1496,311,658,0.473,85,205,0.415,226,453,0.499,0.537,156,185,0.843,37,221,258,181,52,14,91,74,863,28500000,33730441
Marcus Smart,81,75,220,65,49,78,66,78,42,26,48,45,1581,203,510,0.398,93,282,0.33,110,228,0.482,0.489,128,162,0.79,36,131,167,273,72,23,96,126,627,12946428,15322411
Buddy Hield,81,76,214,83,57,72,73,55,49,28,71,71,2433,403,992,0.406,282,721,0.391,121,271,0.446,0.548,88,104,0.846,29,305,334,257,63,30,130,175,1176,24931817,29507409
Jonas Valanciunas,81,83,265,81,74,69,41,56,83,28,62,61,1755,440,743,0.592,21,57,0.368,419,686,0.611,0.606,157,203,0.773,253,523,776,112,35,57,100,179,1058,15000000,17752863
Al Horford,81,81,245,76,70,71,63,69,60,34,28,28,782,162,360,0.45,56,152,0.368,106,208,0.51,0.528,18,22,0.818,29,159,188,94,25,26,29,48,398,27500000,32546916
Derrick Rose,81,74,200,85,59,79,84,56,40,96,100,6,2558,574,1222,0.47,100,258,0.388,474,964,0.492,0.511,220,254,0.866,40,220,260,418,98,38,156,112,1468,7682926,9092929
Aaron Gordon,81,80,220,74,78,78,62,70,65,75,100,100,2768,462,998,0.463,118,352,0.335,344,646,0.533,0.522,194,298,0.651,154,414,568,322,66,68,194,178,1236,18136364,21464826
Fred VanVleet,81,73,195,82,48,74,83,68,39,26,52,52,1899,338,870,0.389,174,476,0.366,164,394,0.416,0.489,169,191,0.885,32,188,220,328,87,37,95,119,1019,21250000,25149890
Malcolm Brogdon,81,77,229,84,60,76,83,64,48,28,56,56,1930,444,980,0.453,145,374,0.388,299,606,0.493,0.527,153,177,0.864,58,236,294,329,49,15,115,110,1186,20700000,24498951
DeAndre Jordan,80,83,265,52,68,76,40,64,85,32,57,43,1246,190,249,0.763,0,1,0.0,190,248,0.766,0.763,46,92,0.5,117,310,427,93,17,65,85,116,426,10375678,12279866
Tristan Thompson,80,81,238,73,69,71,44,59,83,29,54,43,1287,169,326,0.518,0,3,0.0,169,323,0.523,0.518,71,120,0.592,169,270,439,67,24,33,62,119,409,9258000,10957067
Draymond Green,80,78,230,63,62,76,77,74,56,30,63,63,1982,170,380,0.447,34,126,0.27,136,254,0.535,0.492,70,88,0.795,55,394,449,558,105,52,188,194,444,22246956,26329811
Mitchell Robinson,80,84,240,66,69,64,42,69,81,22,31,29,853,115,176,0.653,0,0,,115,176,0.653,0.653,26,53,0.491,113,139,252,17,35,45,26,86,256,1663861,1969219
Evan Fournier,80,79,205,84,52,67,71,57,36,84,84,72,2518,494,1082,0.457,234,566,0.413,260,516,0.504,0.565,216,274,0.788,20,236,256,288,94,38,146,192,1438,17150000,20297440
Brandon Clarke,80,80,207,81,69,79,57,67,69,24,59,16,1415,256,495,0.517,20,77,0.26,236,418,0.565,0.537,78,113,0.69,97,231,328,95,60,51,33,84,610,2602920,3080618
Jarrett Allen,80,83,237,67,74,77,35,65,81,66,126,90,3728,596,964,0.618,12,38,0.316,584,926,0.631,0.624,408,580,0.703,392,870,1262,212,64,180,200,192,1612,3909902,4627463
Dejounte Murray,80,76,170,78,58,70,78,75,61,24,67,67,2139,441,974,0.453,63,199,0.317,378,775,0.488,0.485,106,134,0.791,58,415,473,363,101,7,117,135,1051,14286000,16907827
Bojan Bogdanovic,80,80,216,82,62,71,63,58,55,31,72,72,2216,406,925,0.439,180,461,0.39,226,464,0.487,0.536,233,265,0.879,40,241,281,136,45,4,128,115,1225,17850000,21125907
Lauri Markkanen,80,84,240,78,72,63,52,52,60,23,51,26,1317,250,521,0.48,119,296,0.402,131,225,0.582,0.594,76,92,0.826,35,233,268,45,26,15,52,75,695,6731508,7966902
Julius Randle,80,80,250,77,78,76,64,56,76,26,71,71,2667,602,1321,0.456,160,389,0.411,442,932,0.474,0.516,348,429,0.811,84,639,723,427,64,18,241,225,1712,19845000,23487038
Caris LeVert,80,78,204,80,67,74,74,59,45,78,94,78,2972,718,1628,0.441,168,516,0.326,550,1112,0.495,0.493,292,360,0.811,66,362,428,490,132,60,204,210,1896,16203704,19177476
Paul Millsap,80,79,246,76,74,71,59,70,65,35,56,36,1162,191,401,0.476,49,143,0.343,142,258,0.55,0.537,71,98,0.724,76,186,262,98,51,36,51,111,502,10100000,11953594
Collin Sexton,80,73,190,83,52,78,77,56,40,22,60,60,2115,525,1105,0.475,98,264,0.371,427,841,0.508,0.519,312,383,0.815,58,129,187,262,62,10,167,157,1460,4991880,5908011
Derrick White,80,76,190,82,50,73,80,63,44,26,36,32,1064,186,453,0.411,84,243,0.346,102,210,0.486,0.503,97,114,0.851,13,94,107,127,26,36,45,91,553,3516284,4161607
Dwight Howard,79,82,265,58,67,71,36,64,85,35,69,6,1196,178,303,0.587,5,20,0.25,173,283,0.611,0.596,121,210,0.576,190,390,580,61,30,62,112,200,482,2564753,3035447
Davis Bertans,79,82,225,83,63,63,47,53,49,28,57,7,1464,193,478,0.404,169,428,0.395,24,50,0.48,0.581,100,115,0.87,18,150,168,49,33,13,33,136,655,15000000,17752863
Ricky Rubio,79,75,190,79,46,66,82,60,47,30,68,51,1772,193,498,0.388,66,214,0.308,127,284,0.447,0.454,130,150,0.867,28,195,223,433,98,4,111,139,582,17000000,20119912
Brook Lopez,79,84,270,80,75,59,41,70,50,32,70,70,1902,322,640,0.503,95,281,0.338,227,359,0.632,0.577,120,142,0.845,104,243,347,50,40,103,64,149,859,12697675,15028006
Seth Curry,79,74,185,86,44,71,68,45,39,30,57,57,1638,258,552,0.467,126,280,0.45,132,272,0.485,0.582,69,77,0.896,10,126,136,155,44,8,65,96,711,7834449,9272260
Carmelo Anthony,79,80,240,82,69,73,65,51,53,36,69,3,1690,327,777,0.421,133,325,0.409,194,452,0.429,0.506,137,154,0.89,32,182,214,104,46,38,61,144,924,2564753,3035447
OG Anunoby,79,79,232,71,56,76,55,75,52,23,43,43,1433,249,519,0.48,104,261,0.398,145,258,0.562,0.58,80,102,0.784,54,183,237,94,66,32,75,114,682,3872215,4582860
Robert Covington,79,79,225,73,61,70,61,79,58,30,70,70,2243,204,509,0.401,135,356,0.379,69,153,0.451,0.533,50,62,0.806,61,405,466,117,101,84,64,195,593,12138345,14366025
Serge Ibaka,79,84,235,83,73,69,41,62,73,31,41,39,955,186,365,0.51,39,115,0.339,147,250,0.588,0.563,43,53,0.811,73,202,275,74,9,47,44,76,454,9258000,10957067
Goran Dragic,79,75,190,81,55,72,80,57,44,34,50,11,1337,240,555,0.432,91,244,0.373,149,311,0.479,0.514,101,122,0.828,25,144,169,219,33,8,118,113,672,18000000,21303436
Donte DiVincenzo,79,76,203,70,51,77,71,73,54,24,66,66,1814,253,603,0.42,131,346,0.379,122,257,0.475,0.528,51,71,0.718,81,299,380,203,72,15,91,112,688,3044160,3602837
Will Barton,79,77,190,79,58,70,71,61,55,30,56,52,1736,259,608,0.426,98,257,0.381,161,351,0.459,0.507,95,121,0.785,39,187,226,181,50,23,96,95,711,13723214,16241756
Eric Paschall,79,78,254,79,72,76,61,51,52,24,40,2,695,148,298,0.497,18,54,0.333,130,244,0.533,0.527,67,94,0.713,28,100,128,51,12,7,43,68,381,1517981,1796567
Josh Richardson,79,77,200,80,54,75,68,71,42,27,59,56,1790,264,618,0.427,88,267,0.33,176,351,0.501,0.498,99,108,0.917,51,144,195,153,61,24,79,130,715,10865952,12860117
Christian Wood,79,82,214,81,67,63,41,57,76,25,41,41,1326,329,640,0.514,77,206,0.374,252,434,0.581,0.574,125,198,0.631,76,319,395,71,34,48,80,88,860,13015874,15404602
Bogdan Bogdanovic,79,78,205,83,61,70,72,54,41,28,44,27,1305,267,565,0.473,146,333,0.438,121,232,0.522,0.602,40,44,0.909,20,140,160,147,49,13,54,99,720,18000000,21303436
Rui Hachimura,79,80,235,81,75,81,55,50,62,22,57,57,1797,310,648,0.478,45,137,0.328,265,511,0.519,0.513,124,161,0.77,49,263,312,82,44,7,68,120,789,4692840,5554089
Rudy Gay,79,80,230,78,71,75,63,54,62,34,63,1,1358,264,628,0.42,106,278,0.381,158,350,0.451,0.505,82,102,0.804,42,261,303,88,45,40,65,115,716,14500000,17161101
Jabari Parker,79,80,245,75,79,77,60,61,64,75,26,0,330,60,110,0.545,4,22,0.182,56,88,0.636,0.564,20,26,0.769,20,64,84,22,2,10,20,26,144,6930729,8202685
Harrison Barnes,79,80,225,76,67,77,65,57,47,28,58,58,2102,319,642,0.497,100,256,0.391,219,386,0.567,0.575,195,235,0.83,64,321,385,201,43,11,93,75,933,22215909,26293066
Bobby Portis,79,82,250,81,72,67,47,55,63,25,66,7,1372,313,598,0.523,74,157,0.471,239,441,0.542,0.585,54,73,0.74,124,342,466,71,52,26,56,115,754,3623000,4287908
Patrick Beverley,78,73,185,64,45,77,74,75,58,32,37,34,832,93,220,0.423,56,141,0.397,37,79,0.468,0.55,36,45,0.8,29,90,119,76,29,28,34,108,278,13333333,15780322
Eric Gordon,78,75,215,78,61,77,64,57,34,32,27,13,789,159,367,0.433,69,210,0.329,90,157,0.573,0.527,94,114,0.825,8,50,58,71,14,13,51,44,481,16869267,19965186
Aron Baynes,78,82,260,83,71,63,46,57,73,34,53,31,980,134,304,0.441,27,103,0.262,107,201,0.532,0.485,29,41,0.707,87,186,273,47,17,23,46,119,324,7000000,8284669
JJ Redick,78,75,200,84,47,64,63,52,42,108,88,0,1446,212,534,0.397,132,356,0.371,80,178,0.449,0.521,98,104,0.942,8,120,128,102,22,6,72,100,654,13013700,15402029
Lonzo Ball,78,78,190,61,52,73,83,72,52,23,55,55,1747,290,700,0.414,172,455,0.378,118,245,0.482,0.537,50,64,0.781,33,230,263,316,82,31,123,103,802,11003782,13023242
Jordan Clarkson,78,76,194,80,55,76,73,51,43,28,68,1,1818,457,1075,0.425,208,599,0.347,249,476,0.523,0.522,129,144,0.896,47,227,274,168,61,10,115,110,1251,11500000,13610528
Myles Turner,78,83,250,79,74,69,39,66,67,24,47,47,1455,206,432,0.477,69,206,0.335,137,226,0.606,0.557,111,142,0.782,63,243,306,48,40,159,67,165,592,18000000,21303436
Cody Zeller,78,84,240,76,72,72,50,53,79,28,48,21,1005,181,324,0.559,4,28,0.143,177,296,0.598,0.565,85,119,0.714,119,209,328,86,27,17,51,121,451,15415730,18244890
Luke Kennard,78,77,206,84,52,67,72,45,40,24,63,17,1232,197,414,0.476,100,224,0.446,97,190,0.511,0.597,26,31,0.839,15,146,161,104,23,9,48,91,520,5273826,6241700
Nemanja Bjelica,78,82,234,81,61,67,59,53,63,96,74,6,1190,178,392,0.454,54,170,0.318,124,222,0.559,0.523,74,102,0.725,58,196,254,138,30,10,66,136,484,7150000,8462198
Maxi Kleber,78,82,240,74,69,62,54,64,56,29,50,40,1341,116,275,0.422,87,212,0.41,29,63,0.46,0.58,34,37,0.919,47,213,260,68,24,35,30,105,353,8475000,10030367
Richaun Holmes,78,82,235,76,72,70,43,57,78,27,61,61,1782,366,575,0.637,2,11,0.182,364,564,0.645,0.638,135,170,0.794,144,360,504,101,39,96,75,213,869,5005350,5923953
Dario Saric,78,82,223,73,63,68,63,55,61,26,50,4,871,153,342,0.447,47,135,0.348,106,207,0.512,0.516,84,99,0.848,46,144,190,65,30,4,57,95,437,9250000,10947599
Mikal Bridges,78,78,210,69,54,75,62,71,48,24,72,72,2348,363,669,0.543,134,315,0.425,229,354,0.647,0.643,110,131,0.84,76,233,309,152,76,63,57,116,970,4359000,5158982
Ivica Zubac,78,84,240,71,69,59,46,53,85,23,72,33,1609,257,394,0.652,1,4,0.25,256,390,0.656,0.654,135,171,0.789,189,330,519,90,24,62,81,187,650,7000000,8284669
Markelle Fultz,78,75,200,75,63,76,81,61,42,22,8,8,215,41,104,0.394,4,16,0.25,37,88,0.42,0.413,17,19,0.895,5,20,25,43,8,2,18,18,103,12288697,14543970
George Hill,78,75,188,79,52,75,77,63,49,102,60,34,1344,190,394,0.482,62,160,0.388,128,234,0.547,0.561,80,100,0.8,32,90,122,146,46,10,62,62,522,9590602,11350709
Jalen Brunson,78,73,190,82,59,72,82,53,43,24,68,12,1697,328,627,0.523,81,200,0.405,247,427,0.578,0.588,120,151,0.795,27,204,231,239,35,1,80,109,857,1663861,1969219
Derrick Favors,78,81,265,66,69,69,47,59,86,29,68,0,1039,155,243,0.638,0,2,0.0,155,241,0.643,0.638,59,80,0.738,138,238,376,44,32,68,36,143,369,9258000,10957067
Mike Conley,78,73,175,78,46,73,79,62,42,33,51,51,1498,284,640,0.444,138,335,0.412,146,305,0.479,0.552,121,142,0.852,36,141,177,305,70,9,99,98,827,34502132,40834109
JaVale McGee,78,84,270,66,69,68,32,64,81,99,92,4,1356,288,564,0.511,10,48,0.208,278,516,0.539,0.52,88,134,0.657,154,324,478,78,38,108,120,242,674,4200000,4970801
Mason Plumlee,78,83,235,68,76,68,59,62,78,30,56,56,1499,234,381,0.614,0,7,0.0,234,374,0.626,0.614,113,169,0.669,145,374,519,202,43,50,105,186,581,8000000,9468193
Norman Powell,78,75,215,82,53,76,61,66,42,81,138,116,4410,876,1836,0.477,342,832,0.411,534,1004,0.532,0.57,472,542,0.871,84,346,430,258,164,36,238,320,2566,10865952,12860117
Joe Ingles,78,79,226,76,54,66,67,65,53,33,67,30,1867,275,562,0.489,183,406,0.451,92,156,0.59,0.652,76,90,0.844,27,217,244,318,45,12,117,120,809,10363637,12265615
Miles Bridges,78,78,225,77,69,74,62,54,54,22,66,19,1932,313,622,0.503,116,290,0.4,197,332,0.593,0.596,98,113,0.867,81,316,397,147,44,52,106,143,840,3934320,4656363
Tyler Herro,78,77,192,84,56,71,68,50,45,21,54,15,1635,307,699,0.439,107,297,0.36,200,402,0.498,0.516,94,117,0.803,25,243,268,184,35,17,101,71,815,3822240,4523713
Rodney Hood,78,80,206,75,59,64,62,56,41,84,110,10,1884,188,520,0.362,68,226,0.301,120,294,0.408,0.427,48,56,0.857,46,160,206,106,48,14,72,148,492,10047450,11891400
Terence Davis,78,76,205,79,60,72,72,61,54,69,122,8,2148,390,912,0.428,196,534,0.367,194,378,0.513,0.535,90,110,0.818,40,268,308,166,88,28,126,194,1066,1517981,1796567
Duncan Robinson,77,79,210,83,56,64,62,50,38,26,72,72,2262,315,717,0.439,250,613,0.408,65,104,0.625,0.614,62,75,0.827,7,243,250,127,43,20,81,181,942,1663861,1969219
Andre Iguodala,77,78,215,62,58,74,71,73,56,37,63,5,1339,95,248,0.383,60,182,0.33,35,66,0.53,0.504,25,38,0.658,38,183,221,142,57,35,67,90,275,15000000,17752863
Kris Dunn,77,75,205,68,53,74,76,72,47,26,4,0,45,1,12,0.083,0,2,0.0,1,10,0.1,0.083,3,4,0.75,0,6,6,2,2,2,3,10,5,4767000,5641860
Thomas Bryant,77,82,248,83,70,70,45,54,74,23,10,10,271,59,91,0.648,9,21,0.429,50,70,0.714,0.698,16,24,0.667,18,43,61,15,4,8,11,31,143,8333333,9862701
Monte Morris,77,74,175,80,50,70,84,51,37,25,47,13,1196,186,387,0.481,51,134,0.381,135,253,0.534,0.547,58,73,0.795,11,85,96,150,34,13,34,48,481,1723707,2040049
Malik Beasley,77,76,195,79,64,73,60,54,42,24,37,36,1214,264,600,0.44,128,321,0.399,136,279,0.487,0.547,68,80,0.85,28,134,162,88,30,7,60,62,724,13425895,15889872
Kelly Olynyk,77,83,240,83,71,60,49,55,67,87,140,124,3994,674,1394,0.484,252,736,0.342,422,658,0.641,0.574,290,350,0.829,174,804,978,406,158,84,252,414,1890,12819650,15172366
De'Anthony Melton,77,74,200,74,52,70,72,72,53,22,52,1,1045,172,393,0.438,87,211,0.412,85,182,0.467,0.548,41,51,0.804,30,131,161,132,60,31,66,85,472,9571712,11328353
Furkan Korkmaz,77,79,190,78,58,70,56,51,40,23,55,11,1062,170,424,0.401,101,269,0.375,69,155,0.445,0.52,60,82,0.732,17,96,113,82,49,9,46,64,501,1762796,2086311
Daniel Theis,77,80,243,81,72,74,54,64,74,84,130,102,3202,504,932,0.541,98,304,0.322,406,628,0.646,0.593,148,220,0.673,186,526,712,216,82,114,132,334,1254,5000000,5917621
Terrence Ross,77,78,206,80,63,69,66,59,41,29,46,2,1347,254,616,0.412,89,264,0.337,165,352,0.469,0.485,120,138,0.87,15,143,158,108,47,21,74,88,717,13500000,15977577
Rajon Rondo,77,73,186,74,46,75,81,61,45,102,90,6,1540,190,430,0.442,72,178,0.404,118,252,0.468,0.526,32,34,0.941,36,184,220,398,74,8,158,106,484,7500000,8876431
LaMelo Ball,77,79,195,77,62,76,83,58,59,19,51,31,1469,293,672,0.436,92,261,0.352,201,411,0.489,0.504,125,165,0.758,63,239,302,313,81,18,145,136,803,7839960,9278782
Gary Harris,77,76,210,73,54,69,63,70,39,78,78,76,2160,276,690,0.4,96,282,0.34,180,408,0.441,0.47,128,156,0.821,42,116,158,156,56,22,74,142,776,19610714,23209755
Willie Cauley-Stein,77,84,240,65,71,75,49,65,74,27,53,16,906,115,182,0.632,1,11,0.091,114,171,0.667,0.635,49,78,0.628,66,170,236,35,21,43,29,129,280,4100000,4852449
Jeff Teague,77,75,195,78,53,78,80,63,39,96,110,14,1900,246,568,0.433,72,164,0.439,174,404,0.431,0.496,178,210,0.848,30,146,176,264,68,24,128,112,742,3372826,3991820
James Wiseman,77,85,235,68,72,74,53,65,82,19,39,27,836,191,368,0.519,12,38,0.316,179,330,0.542,0.535,54,86,0.628,55,171,226,26,11,36,60,121,448,8730240,10332450
Alec Burks,77,78,214,78,62,70,71,58,49,29,49,5,1255,210,500,0.42,102,246,0.415,108,254,0.425,0.522,101,118,0.856,21,206,227,107,31,14,49,102,623,6000000,7101145
Kendrick Nunn,77,74,184,82,54,72,75,53,41,25,56,44,1650,319,658,0.485,122,320,0.381,197,338,0.583,0.578,56,60,0.933,21,158,179,148,52,14,80,108,816,1663861,1969219
Thaddeus Young,77,80,221,73,69,74,56,72,60,32,68,23,1652,370,662,0.559,12,45,0.267,358,617,0.58,0.568,71,113,0.628,168,255,423,291,74,40,137,152,823,13545000,16030835
Jerami Grant,77,80,220,77,66,74,50,65,53,26,54,54,1829,400,932,0.429,115,329,0.35,285,603,0.473,0.491,290,343,0.845,35,215,250,152,35,58,109,125,1205,19050000,22546136
Reggie Jackson,77,75,208,77,54,78,79,63,46,30,67,43,1544,263,585,0.45,122,282,0.433,141,303,0.465,0.554,67,82,0.817,24,168,192,205,41,7,74,127,715,2331593,2759496
Shake Milton,77,77,207,79,54,69,73,49,42,24,63,4,1461,300,667,0.45,71,203,0.35,229,464,0.494,0.503,146,176,0.83,33,115,148,193,39,18,103,130,817,1701593,2013876
Anthony Edwards,77,77,225,77,62,80,67,65,56,19,72,55,2314,505,1211,0.417,171,520,0.329,334,691,0.483,0.488,211,272,0.776,59,277,336,211,82,36,160,129,1392,9757440,11548166
Jae Crowder,77,78,235,71,64,76,65,69,54,30,60,42,1648,199,492,0.404,148,380,0.389,51,112,0.455,0.555,57,75,0.76,32,250,282,127,48,27,55,125,603,9258000,10957067
Alex Len,77,84,250,73,69,63,33,59,80,81,128,84,1958,342,556,0.615,16,50,0.32,326,506,0.644,0.629,146,232,0.629,156,364,520,98,40,128,110,254,846,3970648,4699357
Chris Boucher,77,81,200,76,69,70,37,58,82,28,60,14,1453,288,560,0.514,90,235,0.383,198,325,0.609,0.595,152,193,0.788,117,287,404,63,35,111,46,166,818,6500000,7692907
Jeremy Lamb,77,77,185,82,58,70,67,59,48,28,36,8,765,120,276,0.435,52,128,0.406,68,148,0.459,0.529,71,75,0.947,25,106,131,53,34,23,22,72,363,10500000,12427004
Justise Winslow,77,78,225,72,58,75,69,65,57,24,26,1,507,74,210,0.352,10,54,0.185,64,156,0.41,0.376,20,35,0.571,18,100,118,50,15,12,37,47,178,13000000,15385815
Kyle Anderson,77,81,230,70,52,64,69,67,58,27,69,69,1887,308,658,0.468,94,261,0.36,214,397,0.539,0.54,144,184,0.783,52,344,396,250,84,57,86,120,854,9505100,11249516
Dillon Brooks,77,79,220,80,63,69,62,66,43,25,67,67,1997,432,1031,0.419,128,372,0.344,304,659,0.461,0.481,159,195,0.815,53,143,196,157,78,26,119,237,1151,11400000,13492176
Joe Harris,76,78,218,80,48,66,53,52,45,29,69,65,2141,357,707,0.505,211,444,0.475,146,263,0.555,0.654,49,63,0.778,43,205,248,130,46,14,62,141,974,16071429,19020925
Marc Gasol,76,83,255,76,70,56,58,67,64,36,52,42,993,88,194,0.454,50,122,0.41,38,72,0.528,0.582,36,50,0.72,38,177,215,109,26,58,53,115,262,2564753,3035447
Jaxson Hayes,76,83,219,69,71,72,36,62,70,20,60,3,964,175,280,0.625,6,14,0.429,169,266,0.635,0.636,93,120,0.775,92,165,257,35,25,38,39,101,449,5105160,6042080
Nerlens Noel,76,82,220,68,70,70,39,70,74,26,64,41,1547,137,223,0.614,0,3,0.0,137,220,0.623,0.614,50,70,0.714,142,266,408,46,70,141,65,176,324,5000000,5917621
Danny Green,76,78,215,72,51,69,61,71,45,33,69,69,1934,224,544,0.412,175,432,0.405,49,112,0.438,0.573,31,40,0.775,55,205,260,118,92,56,67,125,654,15365853,18185859
Matisse Thybulle,76,77,200,60,54,72,60,80,38,23,65,8,1298,102,243,0.42,43,143,0.301,59,100,0.59,0.508,8,18,0.444,30,94,124,63,105,71,32,127,255,2711280,3208865
Kyle Kuzma,76,80,220,71,68,74,62,60,62,25,68,32,1954,335,757,0.443,137,380,0.361,198,377,0.525,0.533,67,97,0.691,108,309,417,127,35,41,113,121,874,3562178,4215924
Doug McDermott,76,79,225,79,67,62,57,48,49,29,66,29,1619,354,665,0.532,111,286,0.388,243,379,0.641,0.616,80,98,0.816,60,161,221,85,20,6,53,117,899,7333333,8679177
Delon Wright,76,77,183,71,51,72,79,61,54,84,126,78,3496,480,1036,0.463,128,344,0.372,352,692,0.509,0.525,202,252,0.802,130,408,538,556,202,60,166,150,1290,9000000,10651718
Meyers Leonard,76,84,255,77,52,57,35,52,60,28,3,2,29,3,7,0.429,3,7,0.429,0,0,,0.643,1,2,0.5,0,7,7,2,0,0,2,5,10,9400000,11125127
Moritz Wagner,76,83,245,81,67,74,47,48,71,92,90,48,1444,208,458,0.454,62,182,0.341,146,276,0.529,0.522,142,174,0.816,54,238,292,100,52,36,86,216,620,2383915,2821420
Marquese Chriss,76,81,240,74,74,76,51,59,75,23,2,0,27,5,14,0.357,1,5,0.2,4,9,0.444,0.393,2,4,0.5,3,10,13,2,0,2,2,3,13,1824003,2158751
Jakob Poeltl,76,85,230,64,68,62,50,54,78,25,69,51,1845,265,430,0.616,0,0,,265,430,0.616,0.616,63,124,0.508,219,328,547,134,47,123,83,172,593,8101852,9588738
Tomas Satoransky,76,79,210,80,54,69,76,59,47,29,58,18,1307,169,329,0.514,42,118,0.356,127,211,0.602,0.578,67,79,0.848,30,112,142,271,40,14,96,89,447,10000000,11835242
Willy Hernangomez,76,83,240,73,63,62,39,54,81,26,47,12,846,151,268,0.563,1,10,0.1,150,258,0.581,0.565,62,93,0.667,117,217,334,50,22,23,34,68,365,1737145,2055953
Jeff Green,76,80,235,71,71,71,57,59,47,34,68,38,1835,261,530,0.492,103,250,0.412,158,280,0.564,0.59,125,161,0.776,34,229,263,108,36,27,54,122,750,2564753,3035447
Obi Toppin,76,81,220,76,72,76,54,50,60,22,62,0,683,104,209,0.498,26,85,0.306,78,124,0.629,0.56,19,26,0.731,26,112,138,29,17,15,23,55,253,4862040,5754342
Onyeka Okongwu,76,81,240,63,67,77,50,71,77,20,50,4,601,96,149,0.644,0,3,0.0,96,146,0.658,0.644,36,57,0.632,62,101,163,18,23,33,29,100,228,5813640,6880583
Tony Bradley,76,82,248,62,67,63,41,53,86,69,84,16,1368,262,394,0.665,0,6,0.0,262,388,0.675,0.665,76,110,0.691,170,308,478,74,30,60,66,122,600,3542060,4192113
Trey Lyles,76,81,234,74,68,65,48,50,67,25,23,9,358,43,90,0.478,14,40,0.35,29,50,0.58,0.556,15,23,0.652,9,77,86,14,6,1,6,13,115,5500000,6509383
Ben McLemore,76,75,201,72,59,72,63,54,38,81,106,10,1810,270,730,0.37,194,560,0.346,76,170,0.447,0.503,78,106,0.736,30,170,200,78,46,18,84,176,812,2893630,3424681
Justin Holiday,76,78,181,73,54,67,58,67,43,31,72,52,2183,258,625,0.413,173,453,0.382,85,172,0.494,0.551,67,85,0.788,32,224,256,119,74,41,54,135,756,5720400,6770232
Trey Burke,76,72,175,82,47,71,78,48,44,28,62,1,911,151,353,0.428,58,164,0.354,93,189,0.492,0.51,51,57,0.895,10,44,54,81,36,7,33,64,411,3000000,3550572
Dwight Powell,76,82,240,73,74,72,50,58,74,29,58,19,966,120,194,0.619,5,21,0.238,115,173,0.665,0.631,97,124,0.782,80,154,234,63,36,30,40,135,342,11080125,13113596
De'Andre Hunter,76,79,225,66,59,74,59,62,46,23,23,19,678,120,248,0.484,31,95,0.326,89,153,0.582,0.546,73,85,0.859,17,93,110,44,19,12,29,59,344,7422000,8784116
Coby White,76,76,191,77,55,79,77,60,51,20,69,54,2156,375,902,0.416,163,454,0.359,212,448,0.473,0.506,128,142,0.901,28,256,284,328,38,15,156,179,1041,5572680,6595401
Trevor Ariza,76,80,215,63,59,73,61,67,49,35,30,27,841,99,241,0.411,50,143,0.35,49,98,0.5,0.515,34,44,0.773,27,117,144,55,31,18,21,55,282,12800000,15149110
Josh Hart,76,77,215,73,58,73,66,60,63,25,47,4,1349,151,344,0.439,63,193,0.326,88,151,0.583,0.531,69,89,0.775,53,324,377,109,38,12,49,111,434,3491159,4131871
Bruce Brown,76,76,202,68,54,78,72,65,53,24,65,37,1451,235,423,0.556,17,59,0.288,218,364,0.599,0.576,86,117,0.735,111,238,349,104,58,28,54,145,573,1663861,1969219
James Johnson,76,79,240,71,69,72,70,66,54,99,102,24,2086,292,654,0.446,62,240,0.258,230,414,0.556,0.494,90,152,0.592,64,290,354,196,84,84,110,240,736,16047100,18992131
Kentavious Caldwell-Pope,76,77,205,77,52,72,67,60,37,27,67,67,1902,218,506,0.431,120,293,0.41,98,213,0.46,0.549,97,112,0.866,27,152,179,127,62,26,66,114,653,12073020,14288711
Elfrid Payton,76,75,185,70,50,75,81,68,55,26,63,63,1484,269,622,0.432,28,98,0.286,241,524,0.46,0.455,73,107,0.682,64,152,216,203,47,9,103,116,639,4767000,5641860
Tyus Jones,76,72,196,82,48,70,77,59,36,24,70,9,1222,178,413,0.431,45,140,0.321,133,273,0.487,0.485,41,45,0.911,21,119,140,259,64,6,48,31,442,8817143,10435302
Cedi Osman,76,79,215,73,54,70,65,61,43,25,59,26,1510,219,586,0.374,99,324,0.306,120,262,0.458,0.458,76,95,0.8,38,163,201,174,53,9,80,119,613,8840580,10463040
Denzel Valentine,76,76,210,81,51,66,65,57,48,27,62,3,1036,155,416,0.373,80,242,0.331,75,174,0.431,0.469,16,17,0.941,24,173,197,105,30,7,42,70,406,4642800,5494866
Chandler Hutchison,76,79,197,74,56,71,58,61,62,72,50,2,692,78,206,0.379,16,44,0.364,62,162,0.383,0.417,42,50,0.84,12,144,156,34,24,10,40,66,214,2443440,2891870
Robert Williams,75,80,240,59,64,71,42,69,78,23,52,13,985,186,258,0.721,0,2,0.0,186,256,0.727,0.721,45,73,0.616,133,225,358,94,43,91,52,105,417,2029920,2402459
Bismack Biyombo,75,80,255,63,60,66,40,62,80,28,66,36,1349,142,242,0.587,0,1,0.0,142,241,0.589,0.587,47,105,0.448,137,210,347,81,17,74,71,141,331,3500000,4142334
Langston Galloway,75,73,200,82,44,70,67,49,39,29,40,0,438,66,147,0.449,36,85,0.424,30,62,0.484,0.571,22,23,0.957,7,35,42,26,8,0,13,25,190,2028594,2400890
Jahlil Okafor,75,82,275,70,77,67,51,49,74,25,27,2,347,63,102,0.618,2,9,0.222,61,93,0.656,0.627,17,24,0.708,23,43,66,13,6,5,21,39,145,1882867,2228418
Michael Carter-Williams,75,77,190,75,62,70,76,70,55,29,31,25,800,105,270,0.389,15,61,0.246,90,209,0.431,0.417,49,80,0.612,39,100,139,129,25,17,69,81,274,3300000,3905630
Kevin Huerter,75,79,190,76,51,72,71,54,44,22,69,49,2126,316,731,0.432,140,386,0.363,176,345,0.51,0.528,50,64,0.781,38,193,231,241,82,18,79,165,822,2761920,3268799
Gorgui Dieng,75,82,252,74,66,66,39,62,76,93,76,2,1104,170,326,0.521,60,140,0.429,110,186,0.591,0.613,116,134,0.866,80,200,280,96,52,32,64,112,516,17587688,20815454
Al-Farouq Aminu,75,80,220,67,60,69,55,72,61,90,46,28,868,76,198,0.384,16,74,0.216,60,124,0.484,0.424,36,44,0.818,44,176,220,62,38,18,56,58,204,9720900,11504920
Markieff Morris,75,80,245,74,67,67,47,53,52,31,61,27,1200,153,378,0.405,65,209,0.311,88,169,0.521,0.491,36,50,0.72,48,218,266,73,22,19,54,105,407,2331593,2759496
Alex Caruso,75,77,186,67,53,71,69,68,40,26,58,6,1216,133,305,0.436,55,137,0.401,78,168,0.464,0.526,49,76,0.645,31,139,170,160,64,15,76,108,370,2750000,3254691
Glenn Robinson III,75,78,222,73,63,67,52,56,49,27,23,2,369,42,99,0.424,16,44,0.364,26,55,0.473,0.505,21,23,0.913,11,34,45,20,4,3,11,23,121,1165322,1379186
Shaquille Harrison,75,76,190,62,52,72,70,72,54,81,68,0,666,52,156,0.333,6,32,0.188,46,124,0.371,0.353,36,44,0.818,14,82,96,50,34,10,22,66,146,915048,1082980
Isaac Okoro,75,78,225,66,62,78,67,64,57,20,67,67,2173,235,559,0.42,62,214,0.29,173,345,0.501,0.476,114,157,0.726,68,138,206,128,62,24,86,185,646,6400920,7575644
Deni Avdija,75,81,225,70,61,77,70,61,64,20,54,32,1257,130,312,0.417,53,168,0.315,77,144,0.535,0.502,29,45,0.644,22,240,262,63,32,15,33,140,342,4469160,5289359
Kent Bazemore,75,76,201,68,58,75,64,65,48,31,67,18,1333,176,392,0.449,75,184,0.408,101,208,0.486,0.545,54,78,0.692,26,203,229,108,69,33,82,158,481,2320044,2745828
Jarrett Culver,75,78,194,63,61,78,67,59,48,21,34,7,499,69,168,0.411,13,53,0.245,56,115,0.487,0.449,29,48,0.604,34,70,104,24,17,9,28,58,180,6104280,7224563
Josh Okogie,75,76,212,64,46,77,63,67,53,22,59,37,1197,102,254,0.402,29,108,0.269,73,146,0.5,0.459,83,108,0.769,63,93,156,63,54,28,43,123,316,2651040,3137570
Keldon Johnson,75,77,211,72,60,75,62,55,56,21,69,67,1968,338,705,0.479,60,181,0.331,278,524,0.531,0.522,145,196,0.74,93,319,412,121,40,24,78,142,881,2048040,2423904
David Nwaba,75,77,219,70,53,75,51,71,49,28,30,9,679,106,218,0.486,17,63,0.27,89,155,0.574,0.525,47,68,0.691,40,78,118,31,30,21,17,60,276,1824003,2158751
Nicolo Melli,75,81,235,80,56,61,46,50,58,90,90,8,1132,92,282,0.326,46,170,0.271,46,112,0.411,0.408,38,50,0.76,58,186,244,88,28,6,24,116,268,3897436,4612710
Boban Marjanovic,75,88,290,70,63,46,37,52,85,32,33,3,271,62,122,0.508,1,8,0.125,61,114,0.535,0.512,31,38,0.816,47,81,128,10,2,6,12,29,156,3500000,4142334
Dorian Finney-Smith,75,79,220,73,56,69,51,65,56,27,60,60,1921,220,466,0.472,119,302,0.394,101,164,0.616,0.6,31,41,0.756,98,228,326,102,52,25,48,138,590,4000000,4734096
Wesley Matthews,75,76,220,71,63,71,64,60,38,34,58,10,1130,89,252,0.353,66,197,0.335,23,55,0.418,0.484,35,41,0.854,20,73,93,54,38,17,26,80,279,3623000,4287908
Royce O'Neale,75,76,226,70,60,66,57,66,49,27,71,71,2241,175,394,0.444,107,278,0.385,68,116,0.586,0.58,39,46,0.848,88,397,485,181,57,32,83,182,496,8500000,10059956
Malik Monk,75,75,200,77,57,73,69,55,48,22,42,0,878,173,399,0.434,85,212,0.401,88,187,0.471,0.54,59,72,0.819,14,87,101,87,19,4,55,47,490,5345687,6326750
Patrick Williams,75,80,225,71,54,73,58,69,48,19,71,71,1983,255,528,0.483,54,138,0.391,201,390,0.515,0.534,91,125,0.728,66,261,327,99,64,46,98,126,655,7068360,8365575
Matt Thomas,74,76,193,81,53,67,56,47,46,78,90,0,652,100,254,0.394,54,160,0.338,46,94,0.489,0.5,24,28,0.857,14,74,88,38,8,0,28,36,278,1517981,1796567
Bryn Forbes,74,74,190,82,50,64,61,46,36,27,70,10,1354,250,529,0.473,154,341,0.452,96,188,0.511,0.618,47,61,0.77,11,101,112,45,24,1,44,77,701,2337145,2766067
Kevon Looney,74,81,220,67,62,70,53,61,74,24,61,34,1161,108,197,0.548,4,17,0.235,104,180,0.578,0.558,31,48,0.646,117,205,322,119,21,22,37,136,251,4821429,5706278
Landry Shamet,74,76,188,76,47,74,69,45,33,23,61,12,1403,186,456,0.408,129,333,0.387,57,123,0.463,0.549,66,78,0.846,11,101,112,99,31,10,48,93,567,2090040,2473613
Tyrese Haliburton,74,77,175,71,53,76,80,68,57,20,58,20,1746,292,619,0.472,121,296,0.409,171,323,0.529,0.569,48,56,0.857,39,134,173,309,77,28,92,83,753,3831840,4535075
Avery Bradley,74,75,180,74,46,73,67,66,39,90,54,12,1204,128,342,0.374,66,202,0.327,62,140,0.443,0.471,24,30,0.8,16,98,114,92,42,6,56,110,346,5635000,6669159
Daniel Gafford,74,82,238,66,71,73,44,65,61,66,108,22,1582,308,450,0.684,0,0,,308,450,0.684,0.684,144,216,0.667,188,274,462,58,52,150,82,196,760,1517981,1796567
Vincent Poirier,74,84,255,65,60,66,45,52,77,27,10,0,39,3,12,0.25,0,1,0.0,3,11,0.273,0.25,2,6,0.333,6,8,14,2,0,3,4,8,8,2619207,3099894
Damian Jones,74,83,245,70,66,74,37,57,66,100,78,20,1094,140,206,0.68,2,10,0.2,138,196,0.704,0.684,84,116,0.724,72,170,242,58,22,58,52,154,366,1487284,1760235
Austin Rivers,74,75,200,70,53,75,73,62,45,84,72,14,1690,208,490,0.424,110,298,0.369,98,192,0.51,0.537,44,62,0.71,16,148,164,162,60,4,72,128,570,3929049,4650123
Frank Ntilikina,74,76,200,70,47,70,76,64,40,22,33,4,322,29,79,0.367,23,48,0.479,6,31,0.194,0.513,8,18,0.444,6,25,31,19,18,4,11,45,89,6176578,7310129
Tony Snell,74,78,213,73,51,67,60,59,34,29,47,23,992,88,171,0.515,62,109,0.569,26,62,0.419,0.696,11,11,1.0,18,94,112,59,13,11,21,75,249,12178571,14413634
Nicolas Batum,74,81,200,67,56,68,68,59,56,32,67,38,1835,191,412,0.464,110,272,0.404,81,140,0.579,0.597,48,58,0.828,50,266,316,148,69,37,53,102,540,11608231,13738622
Damion Lee,74,77,210,80,58,67,61,53,49,28,57,1,1079,128,274,0.467,77,194,0.397,51,80,0.638,0.608,40,44,0.909,22,158,180,73,38,8,30,89,373,1762796,2086311
Brad Wanamaker,74,75,210,79,56,71,74,48,39,93,122,0,2106,230,598,0.385,32,170,0.188,198,428,0.463,0.411,180,202,0.891,36,174,210,348,86,22,142,188,672,2250000,2662929
Jordan McLaughlin,74,71,170,77,48,70,77,55,37,24,51,2,938,100,242,0.413,33,92,0.359,67,150,0.447,0.481,23,30,0.767,21,87,108,193,51,6,51,44,256,503760,596212
Jake Layman,74,80,215,72,53,70,53,55,42,26,45,11,627,91,184,0.495,23,78,0.295,68,106,0.642,0.557,26,37,0.703,13,54,67,28,29,19,26,44,231,3761085,4451335
Cameron Johnson,74,80,205,76,57,72,51,51,48,24,60,11,1437,203,483,0.42,117,335,0.349,86,148,0.581,0.541,50,59,0.847,33,166,199,86,37,16,40,85,573,4235160,5012414
Devin Vassell,74,79,195,68,55,75,60,70,50,20,62,7,1056,123,303,0.406,52,150,0.347,71,153,0.464,0.492,43,51,0.843,24,150,174,56,43,18,22,88,341,4033440,4773674
Josh Jackson,74,80,200,63,60,73,55,65,49,23,62,25,1560,296,707,0.419,77,257,0.3,219,450,0.487,0.473,159,218,0.729,57,197,254,143,53,47,142,178,828,4767000,5641860
Killian Hayes,74,77,192,73,56,75,81,63,39,19,26,18,670,71,201,0.353,20,72,0.278,51,129,0.395,0.403,14,17,0.824,6,63,69,138,27,10,83,57,176,5307120,6281105
Aaron Holiday,74,72,185,78,51,69,77,54,39,24,66,8,1176,170,436,0.39,67,182,0.368,103,254,0.406,0.467,68,83,0.819,15,74,89,123,46,13,66,94,475,2345640,2776121
Taurean Prince,74,79,220,70,60,75,58,62,51,78,82,20,1810,262,654,0.401,124,310,0.4,138,344,0.401,0.495,130,152,0.855,38,246,284,152,56,46,94,150,778,12250000,14498172
Georges Niang,74,79,230,77,58,61,54,49,45,27,72,10,1154,177,405,0.437,124,292,0.425,53,113,0.469,0.59,22,23,0.957,28,148,176,59,25,8,51,116,500,1783557,2110882
Chris Silva,74,80,230,60,60,68,54,53,78,72,30,0,184,20,32,0.625,2,2,1.0,18,30,0.6,0.656,22,30,0.733,14,40,54,12,2,12,20,48,64,1517981,1796567
Precious Achiuwa,74,81,234,51,61,79,47,68,78,21,61,4,737,124,228,0.544,0,1,0.0,124,227,0.546,0.544,56,110,0.509,73,135,208,29,20,28,43,91,304,2582160,3056048
Grayson Allen,74,76,198,74,50,71,65,52,42,25,50,38,1259,173,414,0.418,107,274,0.391,66,140,0.471,0.547,79,91,0.868,19,141,160,108,46,8,48,71,532,2545320,3012447
Patrick Patterson,74,80,230,70,64,67,40,58,55,31,38,5,582,72,165,0.436,40,112,0.357,32,53,0.604,0.558,13,17,0.765,19,56,75,29,14,8,11,45,197,3814771,4514873
Javonte Green,74,76,220,72,52,69,59,62,55,81,82,4,946,106,204,0.52,20,60,0.333,86,144,0.597,0.569,60,80,0.75,52,90,142,34,56,12,38,90,292,1517981,1796567
Dante Exum,74,77,190,66,52,72,68,61,45,25,6,3,116,10,26,0.385,2,11,0.182,8,15,0.533,0.423,1,2,0.5,2,15,17,13,4,2,7,9,23,9600000,11361832
Darius Garland,74,73,175,77,49,78,78,52,34,21,54,50,1790,362,802,0.451,105,266,0.395,257,536,0.479,0.517,112,132,0.848,23,106,129,329,66,6,164,110,941,6720720,7954135
Torrey Craig,74,79,215,65,54,62,50,70,55,90,100,16,1606,218,454,0.48,78,212,0.368,140,242,0.579,0.566,34,44,0.773,114,280,394,98,56,52,50,166,548,1678854,1986964
Ed Davis,73,81,225,51,58,68,40,54,78,31,23,7,299,19,44,0.432,0,0,,19,44,0.432,0.432,10,12,0.833,46,69,115,21,13,13,7,56,48,5005350,5923953
JaMychal Green,73,80,227,68,64,68,44,53,69,30,58,5,1120,173,374,0.463,79,198,0.399,94,176,0.534,0.568,46,57,0.807,85,192,277,53,26,22,53,144,471,7199760,8521090
Robin Lopez,73,84,275,73,69,58,38,57,51,32,71,9,1354,269,425,0.633,5,18,0.278,264,407,0.649,0.639,99,137,0.723,141,131,272,55,15,44,75,109,642,7300000,8639726
E'Twaun Moore,73,75,191,76,51,71,66,50,44,31,27,1,389,55,121,0.455,11,35,0.314,44,86,0.512,0.5,12,14,0.857,14,31,45,40,15,5,23,32,133,2331593,2759496
Goga Bitadze,73,83,250,71,69,65,52,47,65,21,45,3,561,83,194,0.428,20,79,0.253,63,115,0.548,0.479,45,61,0.738,60,90,150,37,9,60,17,94,231,2957520,3500296
Bruno Fernando,73,81,237,61,70,78,51,54,71,22,33,0,226,18,44,0.409,0,2,0.0,18,42,0.429,0.409,15,22,0.682,16,62,78,10,4,3,21,23,51,1517981,1796567
Sekou Doumbouya,73,80,230,63,67,81,47,52,50,20,56,11,869,107,282,0.379,26,115,0.226,81,167,0.485,0.426,45,64,0.703,39,104,143,47,24,9,44,94,285,3449400,4082448
Bol Bol,73,86,208,68,66,62,50,55,70,21,32,2,160,25,58,0.431,9,24,0.375,16,34,0.471,0.509,10,15,0.667,0,24,24,7,3,10,13,14,69,2058240,2435976
Jared Dudley,73,78,237,73,50,60,49,61,42,35,12,0,81,2,9,0.222,2,6,0.333,0,3,0.0,0.333,0,0,,4,17,21,5,1,1,2,7,6,2564753,3035447
Cory Joseph,73,75,193,73,45,66,77,61,41,87,126,26,2892,400,852,0.469,90,264,0.341,310,588,0.527,0.522,144,176,0.818,70,248,318,426,122,36,158,278,1034,12600000,14912405
Raul Neto,73,73,179,74,47,69,71,60,39,28,64,22,1403,209,447,0.468,64,164,0.39,145,283,0.512,0.539,75,85,0.882,28,128,156,146,73,6,53,109,557,1882867,2228418
Isaac Bonga,73,80,180,68,58,63,59,55,56,21,40,8,432,30,81,0.37,13,47,0.277,17,34,0.5,0.451,5,8,0.625,18,48,66,23,11,9,22,63,78,1663861,1969219
Jordan Poole,73,76,191,72,54,69,68,50,37,21,51,7,988,205,474,0.432,97,276,0.351,108,198,0.545,0.535,105,119,0.882,15,77,92,99,26,9,51,86,612,2063280,2441941
Anfernee Simons,73,75,185,75,53,71,69,46,40,21,64,0,1104,168,401,0.419,120,282,0.426,48,119,0.403,0.569,46,57,0.807,14,126,140,89,18,8,43,96,502,2252040,2665343
Darius Miller,73,78,225,75,49,68,53,49,34,30,18,0,197,22,48,0.458,17,42,0.405,5,6,0.833,0.635,12,12,1.0,2,22,24,21,13,5,8,13,73,7000000,8284669
Justin Jackson,73,79,210,76,51,70,59,50,47,75,68,6,1154,178,442,0.403,72,234,0.308,106,208,0.51,0.484,62,74,0.838,32,122,154,104,30,4,64,64,490,5109637,6047378
Mike Muscala,73,82,240,82,63,60,47,52,52,29,35,0,645,119,267,0.446,68,184,0.37,51,83,0.614,0.573,33,36,0.917,19,113,132,28,8,11,21,54,339,2283034,2702026
Abdel Nader,73,77,225,75,52,69,51,50,42,27,24,0,355,57,116,0.491,18,43,0.419,39,73,0.534,0.569,28,37,0.757,7,55,62,19,10,9,19,34,160,1752950,2074658
Cameron Payne,73,75,190,78,43,67,73,48,40,26,60,1,1079,191,395,0.484,73,166,0.44,118,229,0.515,0.576,50,56,0.893,16,128,144,217,36,16,60,97,505,1977011,2339840
Jalen Smith,73,82,225,70,69,70,38,58,69,20,27,1,156,22,50,0.44,4,17,0.235,18,33,0.545,0.48,5,7,0.714,7,30,37,4,1,5,7,16,53,4245720,5024912
Luka Samanic,73,82,227,66,61,71,58,53,60,21,33,4,308,47,105,0.448,12,43,0.279,35,62,0.565,0.505,16,29,0.552,16,52,68,15,8,8,20,43,122,2824320,3342651
Patrick McCaw,73,79,185,68,56,69,59,61,39,25,5,0,33,1,1,1.0,0,0,,1,1,1.0,1.0,3,3,1.0,1,2,3,4,2,0,0,6,5,4000000,4734096
Nickeil Alexander-Walker,73,77,204,63,59,71,72,58,47,22,46,13,1007,192,458,0.419,76,219,0.347,116,239,0.485,0.502,48,66,0.727,13,131,144,102,47,22,69,88,508,3113160,3684500
JaKarr Sampson,73,79,207,72,58,65,54,64,55,27,29,4,316,56,113,0.496,3,15,0.2,53,98,0.541,0.509,19,29,0.655,27,50,77,4,2,14,15,52,134,1882867,2228418
Isaiah Hartenstein,73,84,249,73,63,66,48,51,77,66,92,4,1118,188,342,0.55,4,12,0.333,184,330,0.558,0.556,92,142,0.648,130,232,362,110,38,78,88,208,472,1620564,1917976
Facundo Campazzo,73,71,165,72,46,71,80,61,40,29,65,19,1425,120,315,0.381,76,216,0.352,44,99,0.444,0.502,80,91,0.879,22,112,134,232,79,14,73,132,396,3200000,3787277
Tyler Johnson,73,75,190,73,53,67,69,51,41,28,39,3,684,72,183,0.393,48,132,0.364,24,51,0.471,0.525,18,21,0.857,6,71,77,47,14,0,17,43,210,2028594,2400890
Gary Clark,73,78,225,73,59,65,44,56,58,104,78,22,1308,80,264,0.303,62,216,0.287,18,48,0.375,0.42,16,20,0.8,66,164,230,62,26,14,34,70,238,2018458,2388893
Quinn Cook,73,73,179,77,45,66,74,45,39,81,46,0,314,58,136,0.426,22,52,0.423,36,84,0.429,0.507,14,16,0.875,4,30,34,36,8,2,14,20,152,1981649,2345329
Terance Mann,73,77,215,69,56,70,69,53,41,24,67,10,1263,178,350,0.509,38,91,0.418,140,259,0.541,0.563,78,94,0.83,56,186,242,104,29,13,40,126,472,1517981,1796567
Thon Maker,73,84,221,75,63,70,49,55,62,23,8,0,76,10,18,0.556,0,2,0.0,10,16,0.625,0.556,10,11,0.909,8,10,18,4,2,4,3,7,30,1737145,2055953
Dylan Windler,73,78,196,68,48,67,61,53,61,24,31,0,513,57,130,0.438,26,77,0.338,31,53,0.585,0.538,21,27,0.778,20,87,107,33,19,12,32,37,161,2137440,2529712
Damyean Dotson,73,77,210,70,51,70,63,53,40,26,46,7,907,119,293,0.406,46,159,0.289,73,134,0.545,0.485,24,36,0.667,5,88,93,91,16,4,42,42,308,2000000,2367048
Luke Kornet,73,86,250,75,67,60,46,53,50,75,62,4,696,88,202,0.436,30,118,0.254,58,84,0.69,0.51,6,12,0.5,28,106,134,48,8,64,14,40,212,2250000,2662929
Garrett Temple,73,77,195,71,50,64,64,62,41,34,56,25,1528,158,381,0.415,67,200,0.335,91,181,0.503,0.503,40,50,0.8,29,131,160,124,43,30,58,126,423,4767000,5641860
Pat Connaughton,73,77,209,76,51,71,61,52,59,28,69,4,1575,168,387,0.434,101,272,0.371,67,115,0.583,0.565,31,40,0.775,63,269,332,81,49,23,33,99,468,4938273,5844565
Mike Scott,73,79,237,75,62,63,39,52,57,32,51,12,852,76,211,0.36,53,155,0.342,23,56,0.411,0.486,8,12,0.667,11,109,120,40,24,14,19,72,213,5005350,5923953
Anzejs Pasecniks,72,85,229,67,62,68,34,52,68,25,1,0,6,0,1,0.0,0,1,0.0,0,0,,0.0,0,0,,1,0,1,1,0,0,5,2,0,374297,442989
Wayne Ellington,72,76,200,75,52,69,65,46,40,33,46,31,1012,149,338,0.441,116,275,0.422,33,63,0.524,0.612,28,35,0.8,12,73,85,67,18,9,33,59,442,3564753,4218971
Chuma Okeke,72,80,235,60,53,72,59,72,66,22,45,19,1133,135,324,0.417,49,141,0.348,86,183,0.47,0.492,30,40,0.75,42,139,181,101,48,22,38,48,349,3121080,3693873
Reggie Bullock,72,78,205,75,49,65,62,50,40,29,65,64,1949,248,561,0.442,163,398,0.41,85,163,0.521,0.587,50,55,0.909,16,207,223,99,52,11,45,146,709,4200000,4970801
Jerome Robinson,72,76,190,68,49,71,67,53,44,23,17,6,305,28,95,0.295,11,42,0.262,17,53,0.321,0.353,16,20,0.8,4,34,38,25,12,6,19,31,83,3737520,4423445
Alen Smailagic,72,82,216,61,61,69,55,54,59,20,15,1,84,11,27,0.407,4,10,0.4,7,17,0.412,0.481,2,6,0.333,6,10,16,4,3,5,5,11,28,1517981,1796567
Nassir Little,72,77,224,64,59,76,51,60,54,20,48,2,640,78,167,0.467,28,80,0.35,50,87,0.575,0.551,36,45,0.8,32,96,128,23,5,13,18,51,220,2210640,2616346
Jaden McDaniels,72,82,201,66,58,73,54,55,51,20,63,27,1511,164,367,0.447,72,198,0.364,92,169,0.544,0.545,27,45,0.6,52,180,232,71,35,60,47,172,427,1964760,2325341
Naz Reid,72,81,256,70,61,67,53,60,68,21,70,15,1347,304,581,0.523,61,174,0.351,243,407,0.597,0.576,115,166,0.693,82,240,322,72,34,76,69,179,784,1517981,1796567
Aleksej Pokusevski,72,84,195,68,62,62,54,62,61,19,45,28,1090,139,408,0.341,58,207,0.28,81,201,0.403,0.412,31,42,0.738,30,182,212,97,20,42,99,58,367,2964840,3508960
Darius Bazley,72,80,208,67,60,70,51,53,56,20,55,55,1714,273,690,0.396,83,286,0.29,190,404,0.47,0.456,125,178,0.702,51,345,396,99,29,25,122,60,754,2399160,2839464
Luguentz Dort,72,75,215,68,54,78,58,63,38,21,52,52,1543,247,639,0.387,113,329,0.343,134,310,0.432,0.475,122,164,0.744,38,151,189,88,45,19,79,134,729,1517981,1796567
Jevon Carter,72,73,196,70,45,72,67,65,45,25,60,1,717,94,223,0.422,56,151,0.371,38,72,0.528,0.547,4,7,0.571,16,76,92,71,29,9,16,56,248,3925000,4645332
Bruno Caboclo,72,81,218,67,51,67,56,64,66,25,6,0,36,8,17,0.471,0,5,0.0,8,12,0.667,0.471,1,2,0.5,3,11,14,1,0,2,4,6,17,2028594,2400890
Stanley Johnson,72,78,245,70,51,69,56,64,51,24,61,13,1006,89,233,0.382,45,137,0.328,44,96,0.458,0.479,44,55,0.8,29,124,153,89,52,18,54,116,267,3804150,4502303
Isaiah Stewart,72,81,250,66,70,74,42,58,69,19,68,14,1455,226,409,0.553,21,63,0.333,205,346,0.592,0.578,64,92,0.696,159,294,453,59,39,86,67,184,537,3121080,3693873
Rodney McGruder,72,76,200,66,47,64,59,62,50,29,16,2,194,37,70,0.529,11,24,0.458,26,46,0.565,0.607,6,8,0.75,8,14,22,16,8,1,7,12,91,5192307,6145221
Saddiq Bey,72,80,216,69,55,67,54,62,44,21,70,53,1909,279,691,0.404,175,460,0.38,104,231,0.45,0.53,124,147,0.844,43,275,318,95,52,14,60,110,857,2689920,3183585
Sindarius Thornwell,72,77,215,69,48,68,56,57,44,78,42,2,434,30,92,0.326,14,46,0.304,16,46,0.348,0.402,8,16,0.5,6,30,36,42,26,4,14,30,82,1235889,1462703
Josh Green,72,78,210,68,48,77,60,59,59,20,39,5,445,42,93,0.452,4,25,0.16,38,68,0.559,0.473,13,23,0.565,28,50,78,28,16,3,17,35,101,2816760,3333703
Cole Anthony,72,75,195,74,59,77,74,57,53,20,47,34,1273,219,552,0.397,58,172,0.337,161,380,0.424,0.449,109,131,0.832,38,183,221,192,30,18,106,98,605,3285120,3888019
Talen Horton-Tucker,72,76,235,66,53,69,65,62,44,20,65,4,1304,224,489,0.458,37,131,0.282,187,358,0.522,0.496,100,129,0.775,25,144,169,181,63,21,105,127,585,1517981,1796567
Chimezie Metu,72,81,225,64,63,67,43,54,78,23,36,6,488,91,179,0.508,13,37,0.351,78,142,0.549,0.545,31,43,0.721,31,81,112,28,14,18,29,59,226,910895,1078066
Justin James,72,79,190,65,59,65,60,58,47,24,36,0,310,52,111,0.468,14,38,0.368,38,73,0.521,0.532,21,36,0.583,9,21,30,22,8,3,15,23,139,1517981,1796567
KZ Okpala,72,80,210,63,59,72,60,56,50,21,37,9,447,36,96,0.375,12,50,0.24,24,46,0.522,0.438,8,15,0.533,21,47,68,19,10,11,15,59,92,1517981,1796567
Solomon Hill,72,78,225,70,56,67,57,60,46,29,71,16,1513,107,298,0.359,68,212,0.321,39,86,0.453,0.473,35,46,0.761,42,172,214,75,50,11,42,116,317,2174318,2573358
John Konchar,72,77,210,75,47,66,64,53,64,24,43,0,575,69,138,0.5,21,56,0.375,48,82,0.585,0.576,25,30,0.833,35,93,128,47,30,9,18,40,184,2100000,2485400
Aaron Nesmith,72,78,215,73,52,65,60,54,38,21,46,1,669,78,178,0.438,40,108,0.37,38,70,0.543,0.551,22,28,0.786,28,99,127,23,15,9,23,87,218,3458400,4093100
Semi Ojeleye,72,78,241,64,64,78,52,50,45,26,56,15,950,89,221,0.403,58,158,0.367,31,63,0.492,0.534,24,32,0.75,31,116,147,37,17,0,21,56,260,1752950,2074658
Tyrese Maxey,72,75,200,72,52,70,74,62,40,20,61,8,935,198,429,0.462,31,103,0.301,167,326,0.512,0.498,61,70,0.871,11,93,104,120,26,13,41,79,488,2478840,2933767
Hamidou Diallo,71,77,198,56,53,75,60,56,53,66,104,18,2452,448,940,0.477,56,164,0.341,392,776,0.505,0.506,256,400,0.64,118,426,544,202,82,48,152,268,1208,1663861,1969219
Grant Williams,71,78,240,66,58,69,57,60,53,22,63,9,1138,108,247,0.437,48,129,0.372,60,118,0.508,0.534,30,51,0.588,48,130,178,64,32,24,56,161,294,2498760,2957343
Terrance Ferguson,71,78,190,66,60,66,60,59,36,22,13,0,49,1,7,0.143,0,5,0.0,1,2,0.5,0.143,0,0,,0,1,1,2,1,0,4,7,2,3944013,4667835
Jaylen Nowell,71,76,202,68,48,71,68,46,38,21,42,0,759,142,335,0.424,50,150,0.333,92,185,0.497,0.499,45,55,0.818,19,76,95,62,22,12,28,72,379,1517981,1796567
Jarred Vanderbilt,71,81,214,55,57,69,50,59,67,21,64,30,1139,143,236,0.606,1,5,0.2,142,231,0.615,0.608,57,102,0.559,118,250,368,76,64,46,53,123,344,1663861,1969219
Keita Bates-Diop,71,80,229,63,60,70,54,55,50,25,30,0,245,30,67,0.448,5,17,0.294,25,50,0.5,0.485,14,21,0.667,9,40,49,12,11,5,7,11,79,449115,531538
Quinndary Weatherspoon,71,75,207,65,50,74,69,53,45,24,20,0,121,16,35,0.457,1,6,0.167,15,29,0.517,0.471,13,16,0.812,3,8,11,8,8,2,10,18,46,449115,531538
Sterling Brown,71,77,232,69,53,65,58,52,58,25,51,14,1229,150,335,0.448,91,215,0.423,59,120,0.492,0.584,25,31,0.806,38,186,224,72,38,12,41,97,416,1678854,1986964
Malachi Flynn,71,74,185,70,43,68,73,59,36,22,47,14,928,127,340,0.374,54,168,0.321,73,172,0.424,0.453,45,56,0.804,10,106,116,137,38,7,43,68,353,1950600,2308582
Wenyen Gabriel,71,81,205,59,56,70,51,58,61,23,21,0,241,24,60,0.4,13,32,0.406,11,28,0.393,0.508,11,17,0.647,20,34,54,11,9,8,15,32,72,1620564,1917976
Edmond Sumner,71,76,176,64,56,74,65,55,42,25,53,24,861,148,282,0.525,35,88,0.398,113,194,0.582,0.587,68,83,0.819,18,76,94,49,33,10,51,88,399,2160000,2556412
Zeke Nnaji,71,83,240,65,70,77,38,50,72,20,42,1,397,50,104,0.481,24,59,0.407,26,45,0.578,0.596,12,15,0.8,14,51,65,10,8,4,7,29,136,2379840,2816598
Vlatko Cancar,71,80,215,69,53,63,54,47,60,23,41,1,281,33,72,0.458,9,33,0.273,24,39,0.615,0.521,10,13,0.769,11,39,50,14,11,2,14,18,85,1517981,1796567
Chris Chiozza,71,71,175,70,43,67,72,57,45,25,22,1,232,31,88,0.352,13,42,0.31,18,46,0.391,0.426,13,17,0.765,3,21,24,65,7,6,16,19,88,449115,531538
Rodions Kurucs,71,81,210,70,50,65,54,49,52,88,42,0,250,22,64,0.344,12,42,0.286,10,22,0.455,0.438,6,8,0.75,10,36,46,20,18,8,26,32,62,1780152,2106853
Tyrell Terry,71,74,185,74,43,70,71,45,39,20,11,0,56,5,16,0.312,0,7,0.0,5,9,0.556,0.312,1,3,0.333,0,6,6,6,5,0,2,2,11,1289846,1526564
Jordan Bone,71,75,179,67,47,74,65,56,39,23,14,0,196,23,54,0.426,10,32,0.312,13,22,0.591,0.519,0,0,,4,20,24,18,2,0,3,11,56,135350,160190
Khem Birch,71,81,233,58,58,73,32,58,72,84,134,44,3058,378,760,0.497,26,104,0.25,352,656,0.537,0.514,182,258,0.705,348,426,774,178,96,100,88,226,964,3011499,3564181
Dwayne Bacon,71,78,221,67,59,71,57,48,47,25,72,50,1853,292,726,0.402,59,207,0.285,233,519,0.449,0.443,145,176,0.824,31,193,224,93,45,5,46,103,788,1678854,1986964
Alfonzo McKinnie,71,79,215,62,59,69,46,58,58,28,39,0,258,48,93,0.516,16,39,0.41,32,54,0.593,0.602,10,18,0.556,22,32,54,6,7,0,5,26,122,1762796,2086311
Ignas Brazdeikis,71,78,221,71,46,66,59,49,54,88,26,0,498,70,166,0.422,22,56,0.393,48,110,0.436,0.488,20,28,0.714,22,68,90,34,8,6,24,44,182,1686315,1995794
Immanuel Quickley,71,75,190,74,51,73,63,53,39,21,64,3,1243,229,580,0.395,118,303,0.389,111,277,0.401,0.497,155,174,0.891,25,112,137,127,30,12,58,114,731,2105520,2491933
Udoka Azubuike,71,84,270,48,56,78,33,58,75,21,15,0,57,4,9,0.444,0,0,,4,9,0.444,0.444,8,10,0.8,4,9,13,0,1,4,3,9,16,1977000,2339827
Miye Oni,71,77,206,67,50,71,62,59,53,23,54,0,519,35,99,0.354,30,88,0.341,5,11,0.455,0.505,5,6,0.833,23,61,84,28,11,8,16,61,105,1517981,1796567
Jalen McDaniels,71,82,192,63,61,65,51,50,60,23,47,18,904,133,284,0.468,35,105,0.333,98,179,0.547,0.53,45,64,0.703,45,124,169,53,28,19,45,95,346,1517981,1796567
Cody Martin,71,77,205,70,50,64,63,57,53,25,52,10,849,83,188,0.441,16,58,0.276,67,130,0.515,0.484,25,43,0.581,52,109,161,86,37,12,40,52,207,1517981,1796567
Udonis Haslem,71,80,235,62,57,63,37,57,66,40,1,0,3,2,2,1.0,0,0,,2,2,1.0,1.0,0,0,,0,1,1,0,0,0,0,0,4,2564753,3035447
Brandon Goodwin,71,72,180,69,47,73,72,53,55,25,47,5,620,84,223,0.377,32,103,0.311,52,120,0.433,0.448,28,43,0.651,8,61,69,95,17,0,36,41,228,1701593,2013876
Jontay Porter,71,83,240,64,58,62,43,47,58,21,11,0,54,8,15,0.533,3,8,0.375,5,7,0.714,0.633,3,5,0.6,4,10,14,1,3,1,7,12,22,1900000,2248696
Daniel Oturu,71,81,240,61,66,64,41,60,73,21,30,0,161,22,52,0.423,1,5,0.2,21,47,0.447,0.433,9,12,0.75,21,27,48,10,4,7,9,24,54,898310,1063171
Mfiondu Kabengele,71,81,256,68,61,73,43,58,67,69,78,0,560,66,178,0.371,26,100,0.26,40,78,0.513,0.444,32,40,0.8,24,96,120,34,16,26,30,72,190,2432353,2878748
Tremont Waters,71,70,172,63,42,74,76,59,38,23,26,3,238,34,84,0.405,15,38,0.395,19,46,0.413,0.494,16,17,0.941,5,16,21,62,15,1,27,17,99,712278,842998
Matthew Dellavedova,71,75,200,68,39,66,73,57,39,30,13,1,224,14,56,0.25,4,25,0.16,10,31,0.323,0.286,4,4,1.0,6,18,24,58,4,1,6,21,36,2174318,2573358
Cristiano Felicio,71,82,265,60,63,73,37,49,73,28,18,0,84,7,13,0.538,0,2,0.0,7,11,0.636,0.538,9,16,0.562,10,16,26,9,4,0,4,10,23,7529020,8910777
Ryan Arcidiacono,71,75,200,69,43,64,73,49,43,26,44,0,450,49,117,0.419,25,67,0.373,24,50,0.48,0.526,13,20,0.65,5,62,67,56,9,0,10,47,136,3000000,3550572
Jaylen Adams,71,74,190,70,41,71,73,47,45,24,7,0,18,1,8,0.125,0,2,0.0,1,6,0.167,0.125,0,0,,0,3,3,2,0,0,0,1,2,449115,531538
Marques Bolden,70,82,249,58,63,69,30,54,70,22,6,0,29,1,3,0.333,0,0,,1,3,0.333,0.333,5,8,0.625,3,3,6,0,2,2,2,0,7,449115,531538
Ty Jerome,70,77,194,66,50,69,74,56,44,23,33,1,788,128,287,0.446,71,168,0.423,57,119,0.479,0.57,26,34,0.765,10,81,91,120,20,6,47,61,353,2303040,2725703
Kenrich Williams,70,78,210,64,57,68,56,56,60,26,66,13,1426,219,411,0.533,52,117,0.444,167,294,0.568,0.596,36,63,0.571,84,189,273,152,55,17,76,143,526,2000000,2367048
Theo Maledon,70,77,180,70,50,70,77,49,40,19,65,49,1778,226,614,0.368,105,313,0.335,121,301,0.402,0.454,101,135,0.748,25,186,211,227,56,11,141,126,658,2000000,2367048
Isaiah Roby,70,80,230,66,59,67,45,55,53,22,61,34,1425,207,429,0.483,32,109,0.294,175,320,0.547,0.52,87,117,0.744,89,252,341,107,52,37,113,162,533,1517981,1796567
Tre Jones,70,75,190,62,43,73,77,66,47,21,37,1,269,37,78,0.474,3,5,0.6,34,73,0.466,0.494,17,19,0.895,8,13,21,39,8,0,13,13,94,898310,1063171
Kelan Martin,70,77,235,69,48,62,54,50,52,25,35,0,322,62,138,0.449,24,60,0.4,38,78,0.487,0.536,9,10,0.9,18,60,78,17,10,10,16,35,157,1445697,1711017
Tyler Bey,70,79,215,60,61,81,56,66,43,22,18,0,71,7,22,0.318,1,4,0.25,6,18,0.333,0.341,3,5,0.6,8,11,19,3,0,1,3,6,18,449115,531538
Theo Pinson,70,77,218,62,55,68,59,62,45,25,17,0,34,1,9,0.111,0,8,0.0,1,1,1.0,0.111,0,0,,0,5,5,1,0,0,1,4,2,802182,949401
DaQuan Jeffries,70,77,216,68,62,71,55,51,56,69,62,10,986,100,240,0.417,40,134,0.299,60,106,0.566,0.5,14,16,0.875,38,104,142,44,30,20,28,96,254,1445697,1711017
Kyle Guy,70,73,170,74,53,69,62,48,39,23,31,0,235,29,88,0.33,13,46,0.283,16,42,0.381,0.403,16,20,0.8,5,30,35,32,6,0,11,20,87,537888,636603
Elijah Hughes,70,78,215,72,59,73,58,52,43,22,18,0,64,10,30,0.333,8,23,0.348,2,7,0.286,0.467,3,4,0.75,1,8,9,6,1,1,6,1,31,898310,1063171
Juwan Morgan,70,80,232,62,58,62,43,58,67,23,29,0,147,14,30,0.467,4,13,0.308,10,17,0.588,0.533,3,7,0.429,9,19,28,9,4,1,4,21,35,1517981,1796567
Caleb Martin,70,77,205,72,50,63,52,56,47,25,53,3,818,96,256,0.375,31,125,0.248,65,131,0.496,0.436,41,64,0.641,31,110,141,67,37,12,33,62,264,1517981,1796567
Max Strus,70,77,215,68,51,65,58,47,36,24,39,0,507,85,187,0.455,50,148,0.338,35,39,0.897,0.588,16,24,0.667,5,36,41,24,11,2,8,43,236,647098,765856
Desmond Bane,70,78,215,70,55,66,69,51,46,22,68,17,1519,234,499,0.469,117,271,0.432,117,228,0.513,0.586,40,49,0.816,31,179,210,118,41,16,59,125,625,1936440,2291823
Amir Coffey,70,79,205,60,48,68,66,53,41,23,44,1,394,45,103,0.437,23,56,0.411,22,47,0.468,0.549,27,38,0.711,10,34,44,22,10,0,15,30,140,578842,685073
Romeo Langford,70,76,215,62,53,73,63,52,44,21,18,4,283,21,59,0.356,5,18,0.278,16,41,0.39,0.398,9,12,0.75,12,23,35,13,6,5,10,24,56,3631200,4297613
Tacko Fall,70,89,289,49,56,45,38,51,76,25,19,0,136,21,29,0.724,0,0,,21,29,0.724,0.724,5,15,0.333,16,36,52,3,1,20,6,22,47,653924,773934
Payton Pritchard,70,74,206,72,49,69,73,47,37,23,66,4,1268,184,418,0.44,102,248,0.411,82,170,0.482,0.562,40,45,0.889,33,125,158,120,37,9,53,104,510,2035800,2409418
Carsen Edwards,70,71,199,72,50,66,69,49,44,22,31,1,276,47,111,0.423,18,63,0.286,29,48,0.604,0.505,11,13,0.846,3,23,26,14,7,1,7,25,123,1517981,1796567
Dean Wade,70,81,228,62,63,67,44,51,62,24,63,19,1212,134,311,0.431,78,213,0.366,56,98,0.571,0.556,30,39,0.769,38,177,215,74,35,21,30,78,376,1517981,1796567
Cassius Winston,69,73,200,76,39,61,73,42,38,22,22,0,98,14,33,0.424,8,17,0.471,6,16,0.375,0.545,5,6,0.833,0,9,9,12,2,1,5,8,41,449115,531538
Anthony Gill,69,80,230,65,64,70,46,52,56,28,26,4,218,30,60,0.5,7,24,0.292,23,36,0.639,0.558,13,16,0.812,16,35,51,11,10,4,8,27,80,898310,1063171
Nico Mannion,69,75,190,70,49,71,76,51,41,19,30,1,364,39,114,0.342,22,60,0.367,17,54,0.315,0.439,23,28,0.821,6,40,46,70,16,1,31,29,123,449115,531538
Mychal Mulder,69,75,184,67,44,70,71,49,38,26,60,6,766,119,265,0.449,85,214,0.397,34,51,0.667,0.609,14,22,0.636,8,52,60,26,12,12,16,56,337,1517981,1796567
Moses Brown,69,86,245,43,55,57,41,56,72,21,43,32,920,146,268,0.545,0,0,,146,268,0.545,0.545,78,126,0.619,154,229,383,10,31,47,43,93,370,1250000,1479405
Drew Eubanks,69,81,245,60,64,69,39,52,66,23,54,3,755,116,205,0.566,2,2,1.0,114,203,0.562,0.571,77,106,0.726,74,167,241,42,18,49,45,88,311,1620564,1917976
Jae'Sean Tate,69,76,230,60,67,73,57,59,68,25,70,58,2043,316,625,0.506,60,195,0.308,256,430,0.595,0.554,102,147,0.694,132,242,374,178,85,36,98,222,794,1445697,1711017
Paul Watson,69,78,215,65,48,67,58,51,59,26,27,2,297,38,82,0.463,30,64,0.469,8,18,0.444,0.646,5,8,0.625,4,41,45,17,6,3,9,36,111,1445697,1711017
Deividas Sirvydis,69,80,190,66,52,61,63,52,52,20,20,0,133,14,40,0.35,10,28,0.357,4,12,0.333,0.475,3,6,0.5,0,29,29,5,2,0,5,9,41,898310,1063171
Will Magnay,69,82,234,57,60,70,49,59,70,22,1,0,3,0,1,0.0,0,1,0.0,0,0,,0.0,0,0,,0,0,0,0,0,0,1,1,0,341481,404151
Cassius Stanley,69,78,195,63,61,77,56,46,48,21,24,0,93,13,43,0.302,3,13,0.231,10,30,0.333,0.337,7,9,0.778,8,12,20,1,1,2,1,14,36,470690,557073
Jalen Lecque,69,75,185,60,50,72,70,48,37,20,4,0,12,1,9,0.111,0,1,0.0,1,8,0.125,0.111,3,3,1.0,2,3,5,2,0,0,0,0,5,1517981,1796567
Reggie Perry,69,81,250,61,64,73,49,49,73,20,26,0,211,32,78,0.41,4,21,0.19,28,57,0.491,0.436,10,13,0.769,27,46,73,14,6,6,15,40,78,489148,578918
Kostas Antetokounmpo,69,82,200,54,63,66,35,51,68,23,15,0,56,3,10,0.3,0,0,,3,10,0.3,0.3,6,13,0.462,4,15,19,1,2,4,11,8,12,449115,531538
Jared Harper,69,70,175,66,48,76,72,48,38,23,8,0,16,0,4,0.0,0,1,0.0,0,3,0.0,0.0,3,4,0.75,0,2,2,1,0,0,3,1,3,520487,616008
Jahmi'us Ramsey,69,76,195,62,50,65,66,57,51,19,13,0,94,15,38,0.395,5,19,0.263,10,19,0.526,0.461,5,5,1.0,2,8,10,6,4,1,3,8,40,1000000,1183524
Grant Riller,69,75,190,70,48,73,75,44,38,23,7,0,27,8,12,0.667,2,4,0.5,6,8,0.75,0.75,0,0,,0,1,1,3,1,0,1,0,18,449115,531538
Nick Richards,69,84,247,51,59,74,37,55,72,23,18,0,63,4,9,0.444,0,1,0.0,4,8,0.5,0.444,7,11,0.636,4,7,11,2,0,0,3,7,15,1000000,1183524
Gabe Vincent,69,75,200,69,42,64,58,48,39,24,50,7,655,88,233,0.378,46,149,0.309,42,84,0.5,0.476,20,23,0.87,10,46,56,67,21,2,34,79,242,660750,782013
Adam Mokoka,69,77,190,63,51,73,57,53,46,22,14,0,56,7,19,0.368,1,10,0.1,6,9,0.667,0.395,0,1,0.0,1,4,5,5,2,1,5,5,15,449115,531538
Jordan Nwora,69,80,225,66,55,63,47,51,63,22,30,2,274,62,135,0.459,28,62,0.452,34,73,0.466,0.563,19,25,0.76,9,51,60,7,16,7,24,22,171,898310,1063171
Thanasis Antetokounmpo,69,78,216,62,54,69,54,49,45,28,57,3,551,67,137,0.489,7,29,0.241,60,108,0.556,0.515,25,49,0.51,54,70,124,46,22,10,43,74,166,1701593,2013876
Paul Reed,69,81,220,60,58,61,43,58,71,21,26,0,177,42,78,0.538,0,6,0.0,42,72,0.583,0.538,4,8,0.5,30,31,61,12,10,13,12,29,88,609128,720917
Isaiah Joe,69,77,180,71,49,71,52,54,43,21,41,1,383,48,133,0.361,39,106,0.368,9,27,0.333,0.508,18,24,0.75,6,30,36,20,12,4,11,34,153,898310,1063171
Keljin Blevins,68,78,200,61,52,73,61,62,54,25,17,0,75,5,20,0.25,2,8,0.25,3,12,0.25,0.3,0,0,,3,7,10,4,2,0,5,8,12,449115,531538
Ashton Hagans,68,75,190,60,50,72,73,58,35,21,2,0,4,0,0,,0,0,,0,0,,,0,0,,0,0,0,0,0,0,1,0,0,166111,196596
Yuta Watanabe,68,80,205,61,50,69,58,55,51,26,50,4,723,79,180,0.439,36,90,0.4,43,90,0.478,0.539,24,29,0.828,36,123,159,40,26,19,19,57,218,737996,873436
Jalen Harris,68,77,195,68,48,79,64,42,32,22,13,2,172,36,72,0.5,17,36,0.472,19,36,0.528,0.618,7,9,0.778,3,15,18,17,8,0,14,15,96,449115,531538
Saben Lee,68,74,183,67,49,70,67,48,39,21,48,7,781,99,210,0.471,8,23,0.348,91,187,0.487,0.49,61,89,0.685,20,77,97,174,32,13,55,76,267,516836,611687
Naji Marshall,68,79,220,63,60,69,66,53,54,23,32,10,700,82,209,0.392,29,83,0.349,53,126,0.421,0.462,53,75,0.707,15,133,148,88,26,10,38,58,246,538391,637198
Greg Whittington,68,81,210,63,58,74,48,46,69,27,4,0,12,0,3,0.0,0,2,0.0,0,1,0.0,0.0,0,0,,0,0,0,0,0,0,0,0,0,332252,393228
Markus Howard,68,71,175,71,44,75,70,40,32,21,37,1,205,40,106,0.377,18,65,0.277,22,41,0.537,0.462,7,9,0.778,1,20,21,18,4,1,18,23,105,535294,633533
Jarrell Brantley,68,77,250,65,60,65,54,49,60,24,28,0,138,25,52,0.481,12,28,0.429,13,24,0.542,0.596,2,2,1.0,9,18,27,15,7,2,8,17,64,510586,604290
Skylar Mays,68,76,205,66,51,68,67,56,45,23,33,0,269,44,98,0.449,14,40,0.35,30,58,0.517,0.52,22,25,0.88,10,25,35,30,14,2,9,15,124,532218,629892
Lamar Stevens,68,79,230,63,64,78,59,54,63,23,40,0,499,62,136,0.456,4,25,0.16,58,111,0.523,0.471,37,51,0.725,24,72,96,25,17,13,23,53,165,1000000,1183524
Devon Dotson,68,74,185,67,47,82,73,50,55,21,11,0,50,11,21,0.524,1,7,0.143,10,14,0.714,0.548,0,0,,2,3,5,7,4,0,0,3,23,449115,531538
Josh Hall,67,81,190,52,62,69,47,47,67,20,21,1,336,30,99,0.303,4,37,0.108,26,62,0.419,0.323,22,44,0.5,6,53,59,28,4,1,25,37,86,449115,531538
Ty-Shon Alexander,67,76,195,65,50,68,62,56,41,22,15,0,47,3,12,0.25,2,9,0.222,1,3,0.333,0.333,1,2,0.5,2,8,10,6,0,1,3,2,9,449115,531538
Mason Jones,67,77,215,67,53,63,62,59,36,66,64,2,668,104,246,0.423,48,132,0.364,56,114,0.491,0.52,80,128,0.625,14,96,110,84,14,2,58,48,336,424544,502457
Nate Hinton,67,77,210,63,58,77,57,51,58,21,21,0,93,15,42,0.357,4,19,0.211,11,23,0.478,0.405,7,10,0.7,1,8,9,8,7,2,5,8,41,449115,531538
Karim Mane,67,77,190,54,54,81,66,58,46,20,10,0,88,3,13,0.231,1,2,0.5,2,11,0.182,0.269,4,5,0.8,1,13,14,4,0,2,3,10,11,344557,407791
Trent Forrest,67,76,210,64,61,76,70,57,60,22,30,0,302,32,71,0.451,5,26,0.192,27,45,0.6,0.486,19,19,1.0,11,33,44,45,9,4,21,22,88,470690,557073
Nate Darling,67,77,200,70,54,63,62,42,42,22,7,0,26,2,7,0.286,2,7,0.286,0,0,,0.429,3,3,1.0,1,0,1,1,0,1,1,1,9,449115,531538
Nathan Knight,67,82,253,62,61,68,45,50,72,23,33,0,279,37,100,0.37,6,33,0.182,31,67,0.463,0.4,44,55,0.8,27,45,72,8,9,10,15,22,124,522989,618970
Killian Tillie,67,82,220,68,66,64,48,45,54,22,18,1,182,19,57,0.333,10,33,0.303,9,24,0.375,0.421,9,11,0.818,6,18,24,8,5,8,2,20,57,449115,531538
Sean McDermott,67,78,195,67,53,60,53,43,42,24,18,0,158,13,33,0.394,5,22,0.227,8,11,0.727,0.47,8,8,1.0,6,13,19,4,2,3,4,8,39,449115,531538
Jay Scrubb,67,78,210,62,55,72,58,53,51,20,4,1,84,14,36,0.389,2,9,0.222,12,27,0.444,0.417,5,5,1.0,2,12,14,1,4,0,7,5,35,449115,531538
Sam Merrill,67,77,205,69,48,61,66,50,42,24,30,2,233,32,72,0.444,21,47,0.447,11,25,0.44,0.59,4,4,1.0,6,24,30,21,8,1,10,17,89,898310,1063171
Dakota Mathias,67,76,200,70,50,66,68,51,43,25,8,2,123,19,48,0.396,8,26,0.308,11,22,0.5,0.479,2,6,0.333,1,6,7,13,1,3,1,7,48,86132,101939
Brodric Thomas,66,77,185,68,54,69,56,59,47,72,64,2,798,78,216,0.361,32,118,0.271,46,98,0.469,0.435,62,92,0.674,16,90,106,60,30,20,44,80,250,412202,487850
