name,overall,position,secondary_position,height,weight,shot_close,shot_mid,shot_3pt,shot_iq,free_throw,offensive_consistency,driving_layup,standing_dunk,driving_dunk,draw_foul,post_moves,post_hook,post_fade,hands,speed,acceleration,vertical,strength,stamina,hustle,speed_with_ball,ball_handle,passing_accuracy,passing_vision,passing_iq,interior_defense,perimeter_defense,help_defense_iq,lateral_quickness,pass_perception,steal,block,defensive_consistency,offensive_rebound,defensive_rebound,intangibles,potential
LeBron James,93,SF,PF,6'9,250,84,72,76,98,67,94,93,72,87,91,83,75,86,98,85,83,86,86,91,92,84,83,86,93,94,80,85,86,84,92,53,59,59,66,75,99,99
Anthony Davis,93,PF,C,6'10,253,85,73,75,94,81,94,84,91,84,86,86,83,89,97,76,75,84,87,92,94,64,72,58,58,72,92,77,92,75,80,63,85,91,76,79,99,96
Giannis Antetokounmpo,93,PF,C,6'11,242,85,78,69,98,61,93,91,81,87,92,84,76,71,95,83,80,81,83,93,92,77,83,80,78,92,81,89,91,85,84,42,65,91,76,92,99,98
Kawhi Leonard,93,SF,PF,6'7,230,90,83,78,97,87,95,86,53,81,79,82,49,84,98,81,77,76,76,92,85,79,82,76,76,78,76,92,92,91,92,82,54,95,40,72,99,97
Stephen Curry,92,PG,SG,6'3,190,88,88,94,99,91,94,92,25,41,89,35,35,50,98,82,87,79,50,94,94,82,93,90,89,93,40,75,77,77,82,71,49,70,42,68,99,95
James Harden,92,SG,PG,6'5,220,85,86,82,98,85,94,94,35,82,94,72,58,80,98,85,85,86,72,94,93,85,92,79,84,94,60,70,66,72,78,66,58,65,50,68,99,96
Kevin Durant,92,SF,PF,6'10,240,92,92,82,98,86,94,90,58,83,76,79,71,84,95,77,77,76,61,90,82,77,87,74,76,81,65,82,81,81,74,36,63,81,47,69,99,98
Damian Lillard,91,PG,,6'2,195,84,89,85,99,88,94,92,25,85,92,41,35,42,99,86,86,89,65,93,92,85,92,94,86,94,37,70,73,75,75,55,47,70,42,55,99,95
Luka Doncic,90,SG,SF,6'7,218,87,79,79,99,77,94,92,55,70,93,77,65,69,98,80,80,76,70,93,94,79,87,83,91,92,52,70,70,72,70,56,48,68,68,82,99,97
Kyrie Irving,90,PG,,6'2,193,87,90,82,98,89,95,92,25,30,89,62,35,67,98,83,87,80,39,93,95,83,95,89,86,89,32,74,72,73,82,63,50,63,41,54,99,91
Nikola Jokic,90,C,,7'0,250,94,88,79,97,82,93,83,85,73,93,92,93,92,97,61,61,66,89,93,87,58,69,88,82,93,74,52,77,36,82,58,67,68,84,87,99,92
Joel Embiid,90,C,,7'0,250,90,76,76,98,81,94,79,88,78,85,93,88,87,97,65,62,67,92,90,90,60,55,40,65,58,89,60,91,63,63,42,78,88,84,92,99,93
Jimmy Butler,90,SF,SG,6'7,232,87,79,77,98,84,94,87,39,80,88,81,48,69,96,80,77,76,73,91,84,78,80,76,76,88,72,86,87,86,84,79,54,88,54,62,99,90
Paul George,89,SG,SF,6'8,220,77,77,82,92,86,83,85,53,81,67,73,54,71,92,76,76,86,72,95,85,76,84,75,73,75,76,88,88,88,92,67,56,90,47,65,99,92
Klay Thompson,88,SG,SF,6'6,215,84,85,92,96,82,90,83,35,65,62,71,35,75,94,70,72,69,62,90,87,69,77,78,53,81,70,89,88,89,87,56,57,91,39,54,99,90
Ben Simmons,88,SF,PF,6'10,230,72,45,53,98,61,93,89,79,82,91,75,73,70,97,89,80,81,77,92,93,80,82,72,79,89,76,83,83,81,88,86,51,86,54,67,99,90
Trae Young,87,PG,,6'1,180,85,88,85,91,88,94,87,25,30,84,34,28,66,88,81,83,77,51,93,80,80,89,83,91,93,31,61,63,72,70,46,32,47,41,56,99,92
Chris Paul,87,PG,,6'0,175,91,92,79,94,86,87,82,25,29,66,67,39,53,94,78,78,72,60,87,82,78,90,92,83,89,59,87,86,86,91,74,40,88,41,63,99,92
Karl-Anthony Towns,87,C,,6'11,248,85,80,82,98,79,94,81,92,73,92,88,86,85,98,73,73,75,86,94,92,63,63,63,71,79,71,53,77,59,65,50,71,65,76,87,99,91
Russell Westbrook,87,PG,SG,6'3,200,77,76,62,87,78,94,92,30,83,87,70,44,73,95,91,91,89,72,94,92,91,88,79,85,90,46,81,80,82,79,67,49,80,59,73,99,90
Jayson Tatum,87,PF,SF,6'8,208,80,81,83,98,81,97,84,49,84,89,63,51,65,97,76,78,78,63,91,83,76,82,71,57,80,74,85,90,83,90,57,61,83,57,75,99,92
Donovan Mitchell,87,SG,PG,6'1,215,87,88,81,97,86,95,86,49,88,84,37,25,43,89,91,86,95,58,96,93,79,84,79,75,82,56,77,84,82,77,67,36,75,46,56,99,92
Pascal Siakam,86,PF,SF,6'9,230,76,71,76,94,78,87,82,85,78,75,82,79,76,91,73,75,79,75,92,92,66,76,60,65,57,83,76,84,75,79,54,70,81,59,76,99,89
Bradley Beal,86,SG,SF,6'3,207,81,80,79,98,84,94,91,30,82,90,44,55,55,90,76,79,87,58,94,85,75,86,78,76,85,49,68,74,74,67,48,52,45,40,54,99,88
Rudy Gobert,86,C,,7'1,245,75,61,25,98,62,75,76,92,75,70,70,71,61,92,47,25,55,84,86,85,25,35,65,32,58,93,62,93,63,71,47,84,92,87,89,99,87
Devin Booker,86,SG,PG,6'5,210,88,82,82,97,88,94,90,30,75,87,76,38,47,92,79,78,73,51,92,87,76,85,85,78,89,47,70,65,71,65,49,39,63,36,57,99,89
Khris Middleton,86,SF,SG,6'7,222,86,92,83,98,90,87,82,39,63,65,79,48,62,91,68,69,63,58,88,87,68,74,78,70,70,69,81,82,81,77,42,35,83,46,65,99,87
Kemba Walker,85,PG,,6'0,184,63,90,79,97,86,93,84,25,30,79,35,28,58,93,82,87,78,50,92,93,82,91,89,77,91,32,72,78,73,74,49,53,67,36,51,99,87
Brandon Ingram,85,SF,PF,6'7,190,79,76,79,98,83,94,82,63,82,72,74,66,74,89,70,75,77,44,92,85,67,82,72,69,77,61,68,72,69,69,45,54,50,47,68,99,88
Andre Drummond,85,C,,6'10,279,75,46,49,80,59,67,80,91,81,47,80,77,55,85,58,56,76,91,87,90,48,45,58,57,70,81,56,80,52,86,82,77,77,88,92,99,86
Bam Adebayo,85,C,,6'9,255,87,67,54,98,70,92,85,87,80,82,79,85,77,97,67,66,81,83,92,91,61,66,69,71,74,84,76,89,66,77,48,76,88,71,84,99,88
Kristaps Porzingis,85,C,PF,7'3,240,79,76,80,98,75,94,75,88,75,87,86,85,85,98,63,63,77,74,90,87,54,65,49,36,40,80,54,83,60,58,37,83,68,78,85,99,91
DeMar DeRozan,85,SF,SG,6'6,220,86,85,64,92,82,87,89,53,82,74,83,49,75,96,78,82,84,58,93,85,78,82,77,74,82,49,70,71,73,78,51,39,63,35,63,99,87
Jamal Murray,84,PG,SG,6'4,207,87,83,81,98,85,94,85,30,79,84,71,37,45,98,79,79,80,52,92,89,79,84,87,76,86,37,67,66,75,59,56,44,45,36,50,99,87
Zion Williamson,84,PF,C,6'6,285,76,63,72,97,65,92,86,91,93,85,84,69,68,92,82,82,94,85,87,90,71,75,66,53,72,70,63,62,73,67,50,58,48,74,66,99,95
Kyle Lowry,84,PG,,6'0,196,75,75,78,98,82,92,85,25,25,75,39,37,43,97,82,82,75,68,93,93,82,86,86,82,89,68,85,85,84,84,65,49,83,41,58,99,88
Hassan Whiteside,84,C,,7'0,265,91,68,38,84,67,63,67,81,68,65,77,77,61,89,63,55,58,84,69,75,30,35,58,31,50,81,51,80,47,63,32,91,75,86,92,99,84
Tobias Harris,84,SF,PF,6'8,235,89,80,77,98,79,88,81,63,72,73,79,67,67,95,72,57,76,72,91,73,54,74,74,58,80,57,56,63,64,62,37,50,58,41,71,99,85
John Collins,84,PF,C,6'9,235,85,78,81,98,80,93,78,91,91,72,79,74,72,88,68,63,81,65,90,93,49,58,48,34,66,71,55,76,55,51,37,77,67,69,81,99,86
C.J. McCollum,83,SG,PG,6'3,190,82,90,81,89,75,88,79,30,43,70,32,37,45,91,78,80,77,58,93,92,78,82,75,69,80,35,68,66,73,54,44,53,63,34,48,99,87
John Wall,83,PG,,6'4,210,67,75,71,97,67,88,87,25,77,70,41,35,55,94,87,87,80,60,91,92,87,85,83,86,85,37,81,78,81,88,61,60,77,32,49,99,86
DeMarcus Cousins,83,C,,6'10,270,83,68,67,89,73,74,83,92,81,82,87,92,91,92,62,61,70,91,93,69,59,71,59,69,83,69,47,69,48,67,75,82,44,54,87,98,83
Jrue Holiday,83,SG,PG,6'3,205,77,59,76,79,67,63,77,25,63,43,39,30,69,81,76,79,65,48,86,86,76,82,72,74,74,43,90,85,91,89,63,56,91,42,50,99,86
LaMarcus Aldridge,83,C,PF,6'11,260,88,84,79,97,81,87,75,68,67,70,88,89,90,95,42,45,63,85,91,83,37,41,53,43,70,73,47,74,50,67,36,78,65,64,72,99,87
Domantas Sabonis,83,PF,C,6'11,240,77,82,63,98,69,92,82,67,72,80,83,77,79,85,47,43,52,78,90,92,26,58,78,70,61,63,29,65,37,38,37,49,40,74,87,99,86
Ja Morant,83,PG,,6'3,175,83,77,80,87,76,94,83,25,89,70,36,34,41,91,88,88,86,43,92,83,88,86,81,80,88,38,75,70,79,65,55,41,62,45,52,99,92
De'Aaron Fox,83,PG,,6'3,175,81,74,70,89,72,90,81,25,78,79,27,25,30,94,92,92,83,46,91,90,92,86,84,83,87,34,77,74,81,74,70,53,70,36,54,99,88
Nikola Vucevic,83,C,,6'11,260,89,80,74,98,79,93,75,85,63,86,85,85,81,97,60,45,54,87,91,91,32,35,78,70,82,72,40,71,48,58,40,68,60,79,89,99,86
D'Angelo Russell,83,PG,SG,6'4,198,80,90,79,94,80,87,86,25,44,75,58,35,53,90,77,77,73,54,91,75,77,85,83,83,88,42,67,64,72,76,54,49,43,31,54,99,87
Zach LaVine,83,SG,SF,6'6,200,59,70,80,98,80,96,84,58,92,87,37,44,58,97,81,81,93,49,97,90,78,83,78,78,84,48,69,72,68,65,60,50,63,45,61,99,86
T.J. Warren,83,SF,PF,6'8,215,85,89,80,89,77,90,88,49,77,72,60,60,65,68,59,59,61,72,87,70,58,75,63,33,65,52,60,63,65,60,48,49,49,40,49,99,86
Jaylen Brown,83,SG,SF,6'6,220,81,84,79,97,73,91,82,39,81,79,77,51,52,94,74,77,80,66,91,92,73,77,72,52,82,67,83,82,85,80,54,49,83,53,64,99,88
Deandre Ayton,83,C,,6'11,250,86,68,58,98,76,88,76,88,75,79,79,83,75,90,72,64,80,82,89,82,53,59,51,39,70,76,51,75,59,69,36,80,65,85,86,99,89
Shai Gilgeous-Alexander,83,SG,PG,6'5,181,84,89,77,97,77,92,81,40,73,71,69,49,70,89,78,78,79,58,92,82,78,85,83,69,83,54,76,74,78,75,54,57,68,47,65,99,89
Steven Adams,82,C,,6'11,265,81,64,26,84,57,67,71,81,72,63,78,76,60,79,47,36,65,77,89,93,33,35,66,52,68,83,53,86,61,75,45,71,81,86,80,99,83
Eric Bledsoe,82,PG,,6'1,205,70,79,75,89,81,67,86,25,67,49,28,25,39,88,82,82,84,53,91,80,82,84,78,74,84,57,89,87,89,80,45,51,88,37,57,99,84
Montrezl Harrell,82,C,PF,6'7,240,83,55,38,97,69,87,86,90,83,79,87,79,76,90,60,55,72,90,87,94,41,35,35,59,66,75,46,84,50,71,37,72,76,72,68,99,83
Blake Griffin,82,PF,C,6'9,250,74,54,60,89,76,73,77,93,87,74,81,74,74,97,65,68,86,90,91,92,63,74,72,66,74,75,57,69,63,67,33,49,63,47,61,99,86
Kevin Love,82,PF,C,6'8,251,84,91,77,94,83,77,69,72,49,72,83,74,83,90,63,37,67,81,84,93,33,50,63,61,77,66,49,72,52,55,36,46,49,58,89,99,85
Clint Capela,82,C,,6'10,240,72,58,25,97,51,81,75,91,77,74,66,68,47,70,56,55,77,81,88,93,30,47,34,31,35,80,51,82,58,71,39,79,77,84,88,99,84
Victor Oladipo,82,SG,PG,6'4,210,72,80,74,94,76,80,77,35,83,66,44,45,56,91,78,79,86,63,85,87,78,78,74,67,80,58,81,80,82,76,70,47,83,41,55,99,84
Andrew Wiggins,82,SF,SG,6'7,194,81,67,73,82,70,91,84,39,90,70,74,44,67,97,80,81,94,55,94,91,77,76,67,66,75,53,63,69,77,72,37,61,55,41,54,99,83
Jusuf Nurkic,82,C,,7'0,275,80,77,51,96,74,86,71,72,63,82,80,78,75,80,49,36,49,86,81,75,25,39,44,68,81,75,44,76,48,58,48,77,67,88,84,99,86
Jonathan Isaac,82,SF,PF,6'11,210,61,76,73,74,74,30,64,58,78,35,72,60,65,68,70,73,77,67,86,90,63,73,63,33,55,77,82,84,82,81,79,89,81,54,71,99,86
Jaren Jackson Jr.,82,PF,C,6'11,242,77,77,79,98,75,72,76,81,77,75,77,67,67,83,61,63,72,69,88,82,33,61,52,45,50,79,68,80,73,70,37,81,79,47,58,99,88
Spencer Dinwiddie,82,SG,PG,6'5,210,73,67,73,98,78,94,89,35,48,92,41,39,47,98,78,78,72,46,92,73,78,85,86,83,90,46,72,67,74,59,41,49,68,43,53,99,83
Danilo Gallinari,82,PF,SF,6'10,225,73,79,81,98,86,94,80,45,73,84,87,68,72,87,58,58,63,63,92,85,58,74,69,51,65,66,54,67,65,60,39,30,63,41,65,99,83
Gordon Hayward,82,SF,PF,6'7,225,88,83,79,97,85,85,83,39,72,50,56,39,63,93,77,74,72,63,77,90,74,74,72,73,79,54,70,73,73,68,37,49,70,40,66,99,85
Marcus Smart,81,SG,PG,6'3,220,77,63,76,69,80,30,63,25,49,31,75,25,56,70,72,78,79,67,83,90,71,73,63,67,60,64,89,86,90,84,70,53,91,36,49,99,81
Buddy Hield,81,SG,SF,6'4,214,73,80,83,98,83,85,81,25,63,74,47,28,44,96,72,75,79,45,86,75,71,79,75,66,75,47,68,52,71,58,51,44,53,39,59,99,83
Jonas Valanciunas,81,C,,6'11,265,91,71,77,96,70,86,57,77,63,73,84,81,62,95,60,45,52,85,86,90,33,35,36,40,65,72,42,77,47,52,33,73,58,78,89,99,81
Al Horford,81,PF,C,6'9,245,73,86,75,92,75,58,63,78,63,39,82,73,81,84,51,47,66,88,92,85,33,49,79,68,88,84,65,87,64,69,41,63,83,50,70,99,85
Derrick Rose,81,PG,SG,6'2,200,88,77,71,98,83,94,90,25,45,67,53,53,53,92,82,82,85,49,85,92,82,83,82,87,88,49,64,63,71,63,46,51,48,36,44,99,84
Aaron Gordon,81,PF,SF,6'8,220,73,53,71,98,65,85,81,91,91,71,80,56,58,97,68,64,88,69,91,90,63,60,63,65,60,75,77,75,77,73,50,54,80,55,75,99,81
Fred VanVleet,81,PG,SG,6'1,195,74,77,80,96,80,90,81,25,35,61,28,30,32,92,79,79,67,41,92,90,79,84,85,78,91,27,81,76,82,87,73,41,80,30,48,99,87
Malcolm Brogdon,81,PG,SG,6'5,229,68,90,76,98,86,88,76,39,67,84,39,43,44,91,75,75,71,57,91,92,75,85,87,81,91,63,75,74,77,72,54,36,65,39,58,99,86
Louis Williams,80,PG,SG,6'1,175,78,78,77,94,85,88,85,25,44,79,30,25,58,93,86,77,73,31,85,76,77,85,77,77,83,25,67,69,72,64,52,36,63,46,54,99,81
DeAndre Jordan,80,C,,6'11,265,72,25,25,82,65,48,59,93,83,69,60,58,39,90,63,51,81,85,89,92,33,30,25,49,66,77,55,79,60,60,33,71,78,78,92,99,82
Tristan Thompson,80,C,,6'9,238,81,67,66,87,63,75,65,81,72,62,60,77,57,80,61,50,71,71,81,92,30,38,31,41,84,73,52,76,62,59,36,63,55,86,80,99,80
Draymond Green,80,PF,C,6'6,230,64,67,67,79,73,33,67,53,63,39,64,61,61,92,70,71,63,81,85,90,66,75,79,76,91,81,76,86,75,67,67,61,83,35,77,99,84
Mitchell Robinson,80,C,,7'0,240,69,65,32,98,55,78,76,86,77,60,49,67,50,88,47,25,79,63,81,92,25,39,67,28,54,79,48,83,63,63,51,91,77,86,76,99,84
Evan Fournier,80,SG,SF,6'7,205,86,82,80,93,78,85,80,25,49,72,36,30,44,85,68,67,61,39,91,80,63,73,75,69,76,37,66,67,66,69,51,41,63,29,44,99,80
Brandon Clarke,80,PF,C,6'8,207,91,75,78,88,78,80,65,77,80,60,62,63,63,85,78,79,78,62,86,92,63,66,57,40,62,75,72,75,75,69,37,69,67,64,74,99,84
Jarrett Allen,80,C,,6'11,237,73,52,38,98,61,83,72,83,75,75,72,68,58,92,72,69,77,82,82,80,35,35,25,34,48,80,45,80,51,64,47,80,78,80,83,99,82
Dejounte Murray,80,PG,,6'4,170,73,88,77,87,77,67,82,39,72,56,48,39,47,88,78,77,58,39,86,85,78,82,80,71,82,51,82,81,82,89,91,49,81,49,73,99,84
Bojan Bogdanovic,80,PF,SF,6'8,216,71,67,81,98,86,93,73,39,67,69,62,48,58,84,64,60,69,58,91,87,63,75,66,39,72,52,75,72,74,60,35,32,67,51,60,99,82
Lauri Markkanen,80,PF,C,7'0,240,67,65,75,92,82,87,65,67,67,78,71,70,77,87,61,58,60,59,82,58,41,63,55,34,70,63,48,63,53,52,41,53,44,48,72,99,84
Dennis Schroder,80,PG,SG,6'1,172,84,82,78,88,80,94,80,25,44,70,27,25,37,85,80,84,72,45,91,90,80,84,86,75,89,34,70,69,71,64,37,39,58,30,52,99,80
Julius Randle,80,PF,C,6'8,250,81,73,66,92,70,83,84,81,77,71,80,76,58,97,70,73,66,83,81,85,65,70,53,62,74,64,51,69,64,55,39,49,63,70,82,99,81
Marvin Bagley III,80,C,PF,6'11,234,75,77,60,97,77,86,77,85,83,70,79,80,79,92,70,71,84,78,91,85,62,60,46,30,60,67,48,67,55,63,36,73,58,72,82,99,85
Caris LeVert,80,SG,SF,6'6,204,74,74,78,97,71,90,85,58,73,75,48,50,52,97,69,74,79,52,90,85,69,78,75,72,80,44,72,69,74,68,51,36,60,42,49,99,84
Paul Millsap,80,PF,C,6'7,246,69,72,82,89,79,67,73,67,67,58,79,74,80,95,57,44,63,83,91,89,57,67,59,38,74,78,75,77,74,77,48,61,77,64,66,99,81
Collin Sexton,80,SG,PG,6'1,190,77,82,78,87,85,91,81,30,72,68,28,25,37,75,85,85,80,56,91,75,84,82,75,69,76,44,67,60,73,71,49,32,55,39,42,99,84
Michael Porter Jr.,80,SF,PF,6'10,210,66,78,82,87,74,67,80,58,77,63,65,49,60,80,77,77,84,65,77,80,74,75,63,35,62,58,62,58,70,65,42,63,39,64,77,99,88
Kelly Oubre Jr.,80,SF,PF,6'7,205,77,90,76,89,75,86,75,39,80,66,33,35,41,80,69,78,91,56,86,75,66,75,67,32,80,48,71,67,73,72,48,55,49,42,65,99,81
Derrick White,80,SG,PG,6'4,190,88,78,77,97,82,74,71,39,53,60,35,35,49,60,90,86,72,36,77,78,84,82,84,69,85,37,78,73,78,66,40,69,63,36,53,99,80
Dwight Howard,79,C,,6'10,265,74,66,58,69,48,34,74,83,77,39,68,69,49,83,67,52,77,85,75,75,25,39,33,29,57,76,53,72,50,74,37,82,69,86,84,99,80
Davis Bertans,79,PF,,6'10,225,76,76,83,96,84,83,66,63,63,65,52,43,66,93,55,53,50,62,80,82,46,71,38,35,45,62,39,66,61,56,37,55,49,36,63,99,80
Ricky Rubio,79,PG,,6'3,190,73,76,76,93,81,78,71,25,25,65,26,25,39,92,72,76,58,27,84,79,72,82,84,86,88,32,75,73,76,67,67,35,58,36,59,99,80
Brook Lopez,79,C,,7'0,270,87,72,72,84,81,84,67,77,63,69,78,82,77,88,25,25,58,82,88,80,25,35,35,34,78,88,44,89,58,66,39,91,89,43,58,99,84
Seth Curry,79,SG,PG,6'2,185,87,91,85,91,80,83,78,25,36,55,30,27,35,69,75,76,65,40,85,85,74,75,75,45,75,25,55,52,65,53,39,36,35,34,44,99,79
Larry Nance Jr.,79,PF,C,6'7,230,78,80,76,97,67,75,78,81,81,65,66,56,52,78,63,58,82,66,84,93,48,62,66,46,70,65,47,72,59,80,54,50,53,62,79,99,79
Devonte Graham,79,PG,SG,6'1,185,58,70,78,91,83,92,81,25,58,83,36,35,32,95,78,78,77,39,92,91,78,82,86,82,88,30,67,73,73,65,48,39,64,38,45,99,81
Carmelo Anthony,79,PF,SF,6'8,240,85,75,78,95,80,79,72,53,67,49,79,62,83,90,73,73,71,77,86,60,72,77,72,33,72,61,60,56,66,39,39,49,39,44,63,99,86
OG Anunoby,79,SF,PF,6'7,232,58,73,79,84,66,67,75,58,81,40,36,37,36,85,77,79,81,58,81,85,68,69,56,34,52,73,85,83,83,80,63,59,81,45,60,90,83
Robert Covington,79,PF,SF,6'7,225,85,70,79,79,77,53,67,55,65,44,59,59,59,83,65,66,67,60,85,80,63,70,65,41,68,77,83,82,83,84,72,73,82,44,73,99,80
Serge Ibaka,79,C,PF,7'0,235,90,75,80,98,72,83,68,80,78,49,70,85,67,88,48,50,79,75,87,80,33,35,29,37,72,77,54,77,55,68,35,65,72,68,79,99,82
Goran Dragic,79,PG,,6'3,190,76,79,77,95,77,87,86,25,44,77,38,25,58,88,73,75,69,43,88,85,73,82,81,77,91,32,70,78,70,67,36,36,70,40,48,99,80
Donte DiVincenzo,79,SG,PG,6'4,203,59,81,74,77,74,58,74,25,72,54,37,28,44,78,85,85,91,35,86,85,77,76,76,51,79,56,79,80,81,84,79,49,77,46,63,99,81
Will Barton,79,SF,PG,6'5,190,68,88,77,88,74,81,72,39,79,63,44,32,57,82,70,75,71,43,78,85,70,76,72,62,77,33,77,77,77,63,45,51,72,46,64,99,79
Eric Paschall,79,PF,SF,6'6,254,76,89,71,91,74,78,78,67,78,70,61,65,64,95,68,67,83,66,84,92,62,75,60,48,62,62,63,63,61,43,36,41,40,49,56,99,83
Josh Richardson,79,SG,PG,6'5,200,72,90,75,94,76,77,72,49,75,49,32,30,47,80,77,79,69,55,91,80,76,75,66,59,68,66,83,81,84,78,42,58,81,37,47,99,82
Christian Wood,79,PF,C,6'10,214,83,76,78,98,72,83,77,67,80,65,65,60,54,75,54,57,57,58,77,76,43,58,30,34,40,66,49,73,54,65,40,70,40,69,84,99,82
Bogdan Bogdanovic,79,SG,SF,6'6,205,86,91,77,95,69,83,79,49,63,47,55,60,55,85,72,72,75,61,78,67,70,76,71,65,79,49,61,58,70,58,48,46,49,31,52,99,81
Marcus Morris Sr,79,PF,SF,6'8,235,76,87,80,98,80,81,79,53,67,63,50,58,60,86,70,46,66,72,90,80,48,58,58,44,44,62,65,67,69,61,39,51,63,50,60,99,80
Rui Hachimura,79,PF,SF,6'8,235,74,81,73,97,80,85,76,78,78,59,72,76,76,92,71,86,78,78,88,87,66,71,49,35,54,60,54,59,64,53,40,36,40,56,68,99,85
Rudy Gay,79,PF,SF,6'8,230,80,86,72,82,84,68,77,53,72,65,77,69,75,86,70,74,77,63,90,79,68,75,67,43,63,65,59,63,73,49,36,56,35,47,77,99,81
Jabari Parker,79,PF,,6'8,245,84,55,65,92,71,86,78,81,81,67,77,76,76,96,69,72,81,77,86,82,63,70,59,44,68,65,57,66,64,65,67,53,53,59,69,99,79
Harrison Barnes,79,SF,PF,6'8,225,70,70,78,84,77,77,77,53,77,57,79,47,63,88,74,69,91,67,88,75,70,75,69,39,75,64,72,63,72,63,35,35,58,39,55,99,79
Bobby Portis,79,PF,C,6'10,250,86,73,76,96,73,83,65,67,67,66,78,75,76,85,52,53,62,72,77,90,38,50,53,42,52,75,39,72,49,63,37,49,63,53,74,99,79
Patrick Beverley,78,PG,SG,6'1,185,79,43,78,84,66,39,67,25,44,44,30,30,35,90,73,79,87,58,88,82,72,75,75,72,77,67,88,85,89,66,58,59,93,53,63,99,79
Eric Gordon,78,SF,SG,6'3,215,74,67,74,95,73,85,81,30,67,75,49,35,61,94,77,76,78,63,88,85,77,74,64,47,62,41,75,70,75,65,37,49,49,29,39,99,81
Aron Baynes,78,C,PF,6'10,260,92,76,76,98,74,86,60,65,65,80,69,81,62,93,30,34,52,88,87,90,25,35,50,42,82,72,41,74,48,60,31,62,73,69,78,99,78
JJ Redick,78,SG,SF,6'3,200,61,83,87,97,87,92,71,25,25,70,25,25,49,89,59,63,66,27,86,85,48,70,70,54,73,37,65,61,63,60,38,43,50,35,49,99,79
Lonzo Ball,78,PG,SG,6'6,190,60,54,77,82,55,39,71,30,72,49,39,35,43,84,81,81,77,50,84,70,81,82,86,78,89,58,82,80,82,86,57,51,81,41,64,99,84
Jordan Clarkson,78,SG,SF,6'4,194,87,64,78,87,80,88,82,25,73,74,37,30,36,90,77,78,81,52,82,87,76,76,76,61,79,42,63,56,70,48,46,44,45,41,45,99,78
Myles Turner,78,C,,6'11,250,90,69,75,98,72,75,67,70,60,73,77,76,79,95,54,32,70,74,92,92,32,35,31,30,68,81,50,83,57,59,40,86,77,60,75,99,81
Cody Zeller,78,C,PF,7'0,240,78,67,59,96,72,85,65,72,72,76,76,69,65,84,67,39,77,72,90,92,31,39,65,52,67,60,36,73,52,58,42,54,53,81,77,99,78
Luke Kennard,78,SG,SF,6'5,206,77,77,81,97,85,92,73,30,39,66,35,28,49,97,66,65,58,39,91,85,63,75,75,71,79,38,53,52,63,51,32,36,40,30,50,99,79
Nemanja Bjelica,78,PF,SF,6'10,234,84,71,83,92,78,80,71,44,63,69,63,57,65,57,57,63,50,58,88,86,42,69,67,58,60,49,48,58,63,49,41,54,63,55,71,99,78
Maxi Kleber,78,PF,C,6'10,240,85,76,77,84,82,45,70,72,72,49,69,71,73,80,44,37,54,70,81,90,44,62,67,32,68,71,67,72,64,65,32,75,67,53,60,99,78
Richaun Holmes,78,C,,6'10,235,86,80,44,92,77,80,75,81,72,62,66,72,58,92,55,53,77,66,77,92,37,56,41,30,54,72,39,65,54,53,48,79,49,78,78,99,78
Dario Saric,78,PF,,6'10,223,73,85,74,84,79,48,76,44,67,35,75,59,59,92,61,66,58,63,78,86,55,66,72,42,84,67,48,71,59,49,37,46,63,54,69,99,78
Mikal Bridges,78,SF,PF,6'6,210,64,76,76,79,81,39,72,39,72,35,52,35,41,88,77,78,81,60,81,75,69,72,67,37,68,54,77,75,77,82,76,56,75,41,55,99,82
Enes Kanter,78,C,,6'10,250,84,72,53,89,70,67,76,81,58,55,77,76,77,85,60,25,58,84,82,92,33,49,48,44,64,50,26,49,28,53,37,75,40,89,85,99,78
Ivica Zubac,78,C,,7'0,240,80,70,26,98,75,79,67,77,72,71,61,77,52,82,26,25,72,66,80,90,26,35,67,48,58,74,34,66,44,50,31,78,51,87,84,99,78
Markelle Fultz,78,PG,SG,6'3,200,82,77,66,87,69,69,85,30,73,79,66,41,47,90,82,81,81,54,88,75,81,83,85,77,83,49,72,71,75,69,66,36,50,35,50,99,83
Tim Hardaway Jr.,78,SG,SF,6'5,205,79,83,81,91,77,83,67,35,75,78,37,36,51,71,65,69,75,53,77,83,65,75,72,40,84,44,67,61,72,56,36,30,39,32,48,99,78
George Hill,78,PG,SG,6'3,188,56,75,85,92,84,85,76,25,44,50,37,33,59,94,74,76,85,50,90,78,74,84,78,71,80,49,75,73,75,70,57,39,70,49,50,99,78
Jalen Brunson,78,PG,,6'1,190,89,80,76,92,77,78,78,39,49,68,49,49,54,87,78,80,72,41,82,83,78,84,84,78,88,53,67,63,75,53,44,32,43,36,51,99,78
Derrick Favors,78,C,PF,6'9,265,88,76,50,82,56,49,75,81,67,49,74,74,69,70,63,53,73,81,77,70,40,49,39,39,69,72,61,67,60,44,37,70,63,86,86,99,78
Mike Conley,78,PG,,6'1,175,77,77,80,84,80,71,71,25,30,60,29,25,39,89,79,80,88,39,81,75,79,82,81,71,82,31,82,79,78,80,41,32,80,37,47,99,85
Wendell Carter Jr.,78,C,,6'9,255,63,77,50,92,74,81,71,77,72,78,76,76,76,85,65,53,65,75,81,90,46,49,54,36,70,75,46,77,49,67,45,64,67,78,81,99,84
JaVale McGee,78,C,,7'0,270,77,62,42,79,63,77,62,91,81,63,62,75,56,68,63,46,66,78,75,82,26,35,25,29,48,77,46,80,51,64,41,90,63,79,84,99,79
Mason Plumlee,78,C,,6'11,235,58,72,56,95,55,73,76,77,77,78,70,75,72,90,55,40,74,74,79,91,49,36,72,70,72,72,45,74,47,68,45,72,73,75,82,99,78
Norman Powell,78,SG,SF,6'3,215,82,77,80,97,80,78,76,25,78,69,28,30,32,93,76,79,79,45,88,90,74,69,58,39,68,49,77,74,75,71,64,50,73,35,50,99,78
Joe Ingles,78,SF,PF,6'7,226,75,71,80,84,74,73,75,39,44,44,47,49,53,84,61,64,58,55,81,80,58,67,72,72,66,56,80,81,79,75,42,35,77,43,63,99,80
Miles Bridges,78,SF,PF,6'6,225,66,77,73,88,77,86,76,58,87,67,77,57,58,79,72,69,78,70,84,75,68,73,63,38,69,58,57,60,67,57,36,60,44,46,63,99,82
Tyler Herro,78,SG,SF,6'5,192,82,78,80,97,83,85,77,30,58,69,47,36,53,80,74,73,69,57,81,75,70,76,68,56,73,45,63,59,66,58,37,36,42,31,60,99,85
Rodney Hood,78,SF,SG,6'8,206,84,82,84,74,75,55,73,39,39,61,71,49,56,89,65,64,66,36,77,76,63,75,72,33,68,56,66,65,74,65,40,36,49,33,49,99,78
Terence Davis,78,SG,PG,6'4,205,64,68,79,98,83,83,77,39,73,77,37,32,48,97,71,70,75,47,88,85,68,78,74,63,79,52,73,70,77,70,46,49,55,46,63,99,78
Otto Porter,78,SF,PF,6'8,198,91,70,79,87,75,70,72,44,67,53,56,63,64,87,65,64,70,58,89,82,63,74,67,44,79,61,70,63,73,62,63,54,52,44,54,99,78
Duncan Robinson,77,SG,SF,6'7,210,72,68,88,98,91,86,72,30,67,75,35,39,43,93,57,61,69,35,87,77,54,69,66,51,70,49,52,58,63,57,36,44,46,27,50,99,79
Derrick Jones Jr.,77,SF,PF,6'6,200,82,63,68,84,77,68,71,81,90,64,48,39,36,92,74,73,89,57,80,90,59,65,63,41,62,58,57,64,68,65,61,65,43,53,58,99,77
P.J. Washington,77,PF,C,6'7,230,65,72,77,91,67,79,71,63,77,60,76,60,63,85,72,72,66,65,81,80,61,67,57,51,60,60,50,65,64,63,42,60,45,41,64,99,84
Andre Iguodala,77,SG,SF,6'6,215,69,60,75,71,60,42,67,53,77,46,49,46,43,85,74,74,72,70,79,80,72,75,72,60,80,74,81,79,81,71,42,77,81,46,66,99,80
Kris Dunn,77,PG,,6'3,205,77,72,63,79,71,49,75,39,53,43,41,38,58,80,80,77,79,54,81,75,80,79,72,68,81,39,81,79,81,86,90,50,77,34,61,99,77
Thomas Bryant,77,C,PF,6'10,248,85,82,77,98,74,83,60,73,63,68,75,73,62,88,60,55,50,80,87,92,51,51,39,44,42,61,39,77,55,50,33,71,50,67,81,99,80
Monte Morris,77,PG,,6'2,175,71,87,77,98,78,73,77,25,49,56,32,28,44,89,79,80,69,40,77,75,79,85,90,76,90,43,60,50,67,53,54,49,35,33,42,99,78
Malik Beasley,77,SG,SF,6'4,195,58,81,80,97,78,83,81,44,75,63,40,61,63,87,72,72,76,53,85,85,65,75,63,47,54,47,66,60,72,57,45,39,50,33,52,99,79
Mohamed Bamba,77,C,,7'0,221,50,63,76,79,64,58,63,83,67,58,66,66,62,89,80,59,72,68,78,82,32,45,35,33,51,76,47,77,62,62,39,92,63,79,83,99,83
Kelly Olynyk,77,C,PF,6'11,240,86,73,82,97,81,80,67,67,58,74,72,76,76,81,31,33,58,67,84,88,25,41,58,55,66,64,49,73,35,52,48,56,66,57,77,99,77
Terry Rozier III,77,PG,SG,6'1,190,77,66,81,94,86,92,72,39,67,69,47,44,54,90,78,78,77,60,86,84,78,82,84,74,89,53,72,67,74,68,49,35,60,36,52,99,80
De'Anthony Melton,77,SG,PG,6'2,200,81,58,72,87,78,72,71,25,63,52,47,25,56,80,71,73,72,43,77,85,71,77,75,70,70,47,77,74,81,85,88,53,72,43,63,99,77
Furkan Korkmaz,77,SF,SG,6'7,190,78,76,78,92,71,75,73,39,72,63,44,30,58,88,67,66,77,49,81,81,62,70,52,33,65,39,62,54,66,60,40,46,44,31,49,99,77
Daniel Theis,77,C,,6'8,243,85,77,71,97,75,85,70,76,75,67,70,71,52,95,55,64,72,78,86,92,45,48,68,54,57,76,51,76,53,66,39,81,77,74,74,99,79
Terrence Ross,77,SG,SF,6'6,206,79,76,77,89,81,80,79,49,81,54,44,56,67,74,67,75,81,47,82,65,67,75,72,48,71,49,65,63,67,65,57,49,58,29,54,99,79
Rajon Rondo,77,PG,,6'1,186,76,73,73,92,63,68,70,25,30,35,44,44,39,85,78,78,78,47,81,90,78,82,83,81,84,36,77,77,77,67,63,30,63,36,55,99,79
LaMelo Ball,77,PG,SG,6'7,195,70,72,71,95,72,85,82,45,65,50,52,52,58,98,84,84,79,50,88,75,84,86,80,83,86,45,69,64,76,66,60,40,50,58,60,90,88
Gary Harris,77,SG,SF,6'4,210,50,84,73,94,78,63,78,39,49,58,46,28,49,87,67,72,75,51,81,70,67,73,72,37,70,65,82,80,82,77,61,41,77,33,45,99,80
Willie Cauley-Stein,77,C,,7'0,240,76,36,48,97,59,77,76,81,67,70,63,76,53,84,74,62,72,74,81,88,32,35,65,39,75,73,49,75,63,60,61,80,63,70,79,99,77
Jeff Teague,77,PG,,6'3,195,75,69,78,88,88,74,72,25,67,67,29,33,39,97,77,79,78,59,93,87,77,84,77,75,87,25,75,75,75,81,48,49,76,34,45,99,78
James Wiseman,77,C,PF,7'1,235,82,67,49,70,73,70,71,80,75,50,76,74,64,90,70,70,68,70,87,80,54,50,54,44,64,77,50,78,63,54,60,80,65,85,80,60,88
Patrick Mills,77,PG,,6'1,180,80,76,79,97,82,88,81,25,25,64,25,25,36,73,82,82,63,49,81,70,82,85,80,60,84,27,63,59,69,59,53,35,39,32,39,99,77
Alec Burks,77,SG,PG,6'6,214,72,71,76,90,86,75,75,39,66,76,72,39,56,77,76,74,66,47,85,72,76,74,69,64,72,44,68,71,69,67,48,46,53,37,62,99,77
Kendrick Nunn,77,PG,SG,6'2,184,78,86,77,89,84,80,81,25,72,57,39,41,46,75,72,72,75,55,91,70,67,82,75,70,82,35,60,62,66,62,47,39,57,37,45,99,78
Thaddeus Young,77,PF,,6'8,221,78,60,76,97,64,63,71,53,76,60,65,76,71,80,69,61,79,67,87,85,51,64,45,56,65,75,70,72,75,87,85,51,67,58,63,99,79
Jerami Grant,77,PF,SF,6'8,220,73,70,79,97,71,73,81,68,78,57,59,46,55,84,68,64,80,61,81,92,61,63,58,32,39,67,66,74,71,69,40,65,72,48,58,99,77
Reggie Jackson,77,PG,,6'3,208,73,72,79,82,79,78,82,25,63,74,28,25,47,88,80,82,81,47,91,87,80,82,79,78,80,48,73,73,71,74,49,44,74,44,49,99,77
Shake Milton,77,SG,SF,6'5,207,80,77,81,89,77,70,76,30,58,57,40,45,43,89,74,77,74,37,77,80,74,76,74,65,76,30,63,56,71,49,42,44,39,35,49,99,77
Troy Brown Jr.,77,SF,SG,6'6,215,75,68,76,89,72,73,75,30,67,65,52,52,57,89,67,68,66,56,84,84,59,76,75,50,75,47,69,69,75,68,67,32,53,46,72,99,80
Anthony Edwards,77,SG,SF,6'5,225,77,81,75,75,77,80,83,50,75,52,50,50,52,90,89,89,82,52,89,80,83,76,64,50,62,50,74,74,78,70,65,55,55,54,59,85,88
Jae Crowder,77,PF,SF,6'6,235,66,76,75,89,76,49,74,67,58,46,58,61,63,85,65,66,70,78,89,91,63,72,63,44,83,67,75,77,73,86,54,49,72,39,69,99,79
Alex Len,77,C,,7'0,250,86,59,62,92,64,78,67,78,65,65,73,72,52,81,42,43,58,72,77,91,25,32,31,35,45,72,43,75,49,65,39,78,58,78,82,99,77
Chris Boucher,77,C,PF,6'9,200,80,62,70,89,77,78,68,78,68,76,63,65,53,83,55,53,70,66,84,92,25,40,33,34,54,72,39,77,41,44,43,87,65,86,79,99,78
Jeremy Lamb,77,SG,SF,6'5,185,88,76,75,93,82,78,76,39,67,67,47,33,53,86,66,72,78,50,79,78,65,72,72,51,78,44,68,66,71,63,61,53,53,35,61,99,77
Justise Winslow,77,SF,PG,6'6,225,77,69,66,84,67,74,71,39,67,62,47,46,48,89,70,77,71,63,86,85,70,71,72,67,67,64,76,77,78,75,36,51,67,49,65,99,78
Kyle Anderson,77,SF,PF,6'9,230,83,80,63,88,63,44,76,53,44,43,40,44,47,70,63,63,63,53,80,64,63,75,75,60,75,58,76,72,75,70,54,61,72,49,68,99,77
Dillon Brooks,77,SG,SF,6'7,220,72,79,77,97,79,77,76,35,63,74,62,53,57,90,72,69,63,56,84,75,63,71,57,51,68,55,77,80,79,80,41,49,72,41,45,99,77
Joe Harris,76,SF,SG,6'6,218,64,85,83,92,74,83,63,25,44,56,32,30,47,88,58,63,64,36,90,85,57,63,58,40,50,34,65,60,66,63,36,41,55,40,50,99,78
Marc Gasol,76,C,,6'11,255,85,63,78,94,72,65,58,67,58,59,77,75,77,94,37,25,42,83,81,70,32,43,77,64,74,82,58,82,61,71,40,69,80,53,75,99,84
Jaxson Hayes,76,C,,6'11,219,72,65,52,90,62,78,70,85,78,61,65,67,54,90,56,58,75,72,80,92,40,37,29,34,40,76,47,76,62,49,47,78,63,71,70,99,82
Nerlens Noel,76,C,,6'10,220,78,66,30,92,74,72,69,86,72,64,62,60,60,89,63,61,71,58,80,92,27,45,32,34,60,73,44,75,60,85,79,87,58,70,78,99,78
Danny Green,76,SG,SF,6'6,215,81,64,78,89,70,50,70,39,53,51,35,30,52,82,57,74,66,58,79,85,57,69,72,33,75,63,83,80,83,58,70,54,81,40,51,99,78
Matisse Thybulle,76,SG,SF,6'5,200,61,60,76,74,59,32,67,35,72,33,46,50,50,80,73,75,67,57,81,84,66,68,65,35,68,66,83,83,82,89,92,68,81,41,36,99,80
Kyle Kuzma,76,PF,SF,6'8,220,78,71,69,87,71,55,77,72,72,46,63,63,68,85,69,71,72,71,81,80,64,74,63,34,78,59,64,74,72,67,35,51,63,56,68,99,80
Doug McDermott,76,SF,PF,6'7,225,84,54,83,97,82,78,75,49,63,57,65,69,80,85,57,51,64,46,81,76,46,67,67,47,62,53,59,61,58,49,30,32,45,42,57,99,76
Delon Wright,76,SG,PG,6'5,183,69,58,79,82,76,63,78,25,58,63,27,25,45,92,71,66,66,56,86,90,71,82,85,74,85,33,72,61,72,77,77,50,53,49,59,99,76
T.J. McConnell,76,PG,,6'1,190,91,79,71,85,79,60,76,25,25,44,37,43,56,87,67,73,63,43,75,91,67,76,85,83,86,48,71,70,73,77,56,44,58,39,53,99,76
Meyers Leonard,76,PF,C,7'0,255,82,77,79,92,80,53,67,67,67,44,50,50,37,36,42,37,69,63,73,62,26,32,30,34,57,67,42,67,44,57,32,53,58,40,80,99,76
Moritz Wagner,76,C,PF,6'11,245,83,75,75,96,81,77,67,72,63,54,65,67,67,87,70,64,72,75,81,86,51,41,52,40,55,56,39,57,46,53,42,59,35,62,81,99,78
Marquese Chriss,76,C,PF,6'9,240,80,71,51,95,74,77,67,86,83,69,71,78,55,84,68,67,82,63,84,93,55,49,29,60,64,58,56,75,58,65,45,80,40,70,81,99,76
Jakob Poeltl,76,C,,7'1,230,88,75,44,84,48,49,61,72,58,62,72,74,58,90,49,36,55,71,81,84,31,37,66,58,62,68,44,72,34,39,42,89,44,77,80,99,76
Tomas Satoransky,76,PG,SG,6'7,210,73,77,72,97,84,77,76,30,63,63,47,30,44,79,73,73,74,45,75,75,73,73,82,73,83,49,68,67,72,69,61,35,58,45,50,99,76
Ish Smith,76,PG,,6'0,175,81,76,77,89,69,65,76,25,30,62,25,25,32,90,85,84,70,32,80,84,85,84,85,72,85,25,72,63,74,52,43,52,50,34,52,99,76
Willy Hernangomez,76,C,,6'11,240,82,71,58,95,64,70,52,72,63,62,69,67,62,63,43,45,48,71,77,90,31,35,37,52,40,67,43,68,47,59,40,54,56,77,85,99,76
Jeff Green,76,PF,C,6'8,235,81,73,76,79,75,45,81,63,77,67,69,67,65,85,61,55,80,67,85,78,49,71,66,32,70,66,67,65,71,52,40,54,58,40,54,99,77
Obi Toppin,76,PF,C,6'9,220,70,74,80,90,70,75,70,85,85,50,69,67,67,90,70,69,90,74,88,70,56,60,55,40,59,66,48,62,47,47,40,51,40,55,66,70,85
Onyeka Okongwu,76,PF,C,6'9,240,73,66,60,70,72,40,70,85,75,57,57,54,55,85,74,74,75,70,88,85,60,54,51,37,50,79,64,83,69,65,60,84,65,79,75,50,85
Tony Bradley,76,C,,6'10,248,75,63,26,94,61,58,71,72,58,63,65,69,60,85,49,41,49,75,77,90,33,43,43,29,58,66,35,65,52,56,37,75,44,89,83,99,76
Gary Trent Jr.,76,SG,,6'5,205,68,81,81,92,80,81,73,39,72,48,45,43,55,73,82,83,86,56,77,70,74,68,58,32,61,49,59,58,71,62,51,49,35,35,40,99,82
Trey Lyles,76,PF,C,6'9,234,63,80,77,86,70,68,77,67,63,61,66,63,71,80,52,53,63,66,77,80,40,56,53,33,60,65,36,62,50,60,37,56,39,53,81,99,76
Ben McLemore,76,SF,SG,6'3,201,58,71,79,91,73,65,75,39,77,66,41,41,54,85,67,69,79,52,86,79,64,71,72,30,78,53,63,65,69,46,39,41,58,32,45,99,76
Justin Holiday,76,SF,SG,6'6,181,48,71,82,92,75,73,74,58,70,51,42,39,41,63,51,68,78,44,81,83,49,69,65,39,69,58,72,71,72,75,67,60,63,35,52,99,76
Trey Burke,76,PG,,6'0,175,78,75,83,90,79,88,71,25,30,58,35,28,44,85,77,77,67,40,81,85,77,82,78,72,84,47,61,52,65,58,36,32,35,49,40,99,76
Dwight Powell,76,C,PF,6'10,240,64,63,62,98,64,91,67,72,63,79,76,74,76,90,68,47,64,77,86,92,43,58,53,34,64,71,44,65,56,71,45,55,63,74,74,99,76
De'Andre Hunter,76,SF,PF,6'7,225,61,78,76,74,76,35,65,63,67,42,49,49,50,90,73,75,72,63,86,80,66,67,64,35,64,61,77,75,81,58,36,41,72,36,56,99,84
Coby White,76,PG,SG,6'4,191,66,69,77,92,79,84,73,30,63,65,48,34,44,88,82,83,81,54,90,87,82,84,77,68,77,48,64,72,78,68,51,41,60,43,59,99,84
Trevor Ariza,76,SF,PF,6'8,215,46,70,75,77,80,33,67,53,63,39,57,53,58,88,74,76,72,58,81,80,69,67,67,35,70,58,76,75,75,76,63,46,72,36,63,99,76
Josh Hart,76,SF,SG,6'5,215,84,62,74,91,72,58,81,25,67,66,41,38,56,95,77,79,66,43,86,92,76,75,70,35,75,45,69,67,74,67,48,49,63,51,76,99,77
Bruce Brown,76,SG,PG,6'4,202,70,73,75,74,71,50,72,30,70,63,41,28,34,95,73,75,77,75,88,80,71,74,75,70,73,56,74,76,74,72,54,53,63,45,61,99,78
James Johnson,76,PF,C,6'7,240,78,59,76,92,63,63,80,60,73,64,70,59,61,87,64,53,69,78,85,87,58,71,73,67,82,68,68,71,71,53,57,78,65,45,63,99,76
Kentavious Caldwell-Pope,76,SF,SG,6'5,205,80,80,79,92,75,58,70,35,70,34,35,35,56,85,81,78,66,39,88,85,77,72,72,36,82,44,74,75,73,67,45,41,67,36,39,99,76
Elfrid Payton,76,PG,,6'3,185,78,72,53,90,59,70,77,25,53,71,25,25,32,97,73,79,76,59,80,88,73,84,84,85,83,38,76,70,76,78,79,55,73,50,60,99,76
Tyus Jones,76,PG,,6'0,196,84,77,78,95,74,84,76,25,30,68,35,28,39,87,71,66,64,42,90,87,71,78,78,76,82,30,67,69,67,82,66,35,62,29,43,99,76
Cedi Osman,76,SF,PF,6'7,215,75,71,78,88,67,63,73,45,59,39,49,37,56,75,68,67,67,57,81,80,68,72,72,43,70,63,73,67,73,63,41,41,67,36,51,99,77
Denzel Valentine,76,SF,SG,6'4,210,81,81,74,93,84,75,73,39,35,48,56,35,50,75,62,59,63,56,84,75,60,72,72,55,69,58,49,53,63,69,77,49,45,34,63,99,76
Chandler Hutchison,76,SF,PF,6'7,197,77,69,71,91,59,77,75,39,72,66,47,30,44,80,77,68,74,66,80,65,66,67,63,34,62,39,67,63,67,72,73,50,57,53,72,99,77
Robert Williams,75,C,,6'8,240,80,43,25,98,62,51,69,86,72,43,63,58,49,75,72,60,72,79,77,70,37,47,36,38,55,73,39,79,62,75,80,90,58,76,81,99,80
P.J. Tucker,75,C,PF,6'5,245,86,71,78,98,80,53,58,49,58,46,59,60,59,88,61,61,71,84,87,90,43,67,70,31,69,79,79,76,77,75,42,49,78,54,68,99,78
Bismack Biyombo,75,C,,6'8,255,62,69,25,96,60,68,58,85,65,74,52,48,45,56,47,47,61,77,76,92,25,35,25,39,78,78,49,85,53,61,31,78,68,82,78,99,76
Danuel House,75,SF,PF,6'6,220,54,67,78,97,78,78,75,77,72,59,46,46,49,89,61,58,72,49,85,80,58,67,66,31,69,50,56,55,66,47,48,54,51,40,51,99,77
Langston Galloway,75,SG,PG,6'1,200,84,78,80,94,82,75,78,25,53,49,28,25,36,61,69,73,82,47,79,70,68,76,72,49,72,30,65,50,70,62,41,36,39,36,43,99,75
Jahlil Okafor,75,C,,6'10,275,81,78,28,91,64,83,74,88,60,81,78,78,72,91,47,44,58,85,85,85,41,41,58,48,68,66,33,60,42,47,35,73,38,77,72,99,76
Michael Carter-Williams,75,PG,SG,6'5,190,83,44,68,98,79,80,80,39,58,69,49,49,60,95,71,72,72,37,81,92,71,75,80,73,84,56,72,67,75,81,82,60,67,52,58,99,76
Kevin Huerter,75,SG,SF,6'7,190,79,71,78,87,82,64,70,30,63,48,35,25,56,86,80,75,72,49,81,75,69,73,71,65,79,43,62,61,69,62,41,50,47,35,53,99,81
Gorgui Dieng,75,C,,6'10,252,72,73,76,84,73,71,57,67,62,70,69,73,53,77,42,48,67,70,87,83,31,35,31,40,62,66,42,77,50,57,63,78,69,68,84,99,78
Al-Farouq Aminu,75,PF,SF,6'8,220,58,50,67,96,63,68,69,53,67,52,52,47,62,80,56,66,61,72,81,82,54,58,63,34,66,78,77,76,74,77,67,56,78,55,68,99,77
Markieff Morris,75,PF,C,6'8,245,77,69,78,84,75,65,64,63,64,63,75,65,74,70,55,43,61,80,87,77,34,41,43,41,78,72,41,72,49,49,39,49,53,40,65,99,77
Alex Caruso,75,SG,PG,6'5,186,41,53,74,97,73,67,75,35,72,62,29,30,42,83,79,80,69,31,84,83,78,75,77,48,68,31,75,75,77,82,82,51,72,32,49,99,75
Glenn Robinson III,75,SF,SG,6'6,222,75,84,75,84,83,39,67,72,86,67,50,43,53,68,77,61,93,39,77,59,63,65,58,36,40,50,67,72,66,51,42,44,58,47,52,99,75
Shaquille Harrison,75,SG,SF,6'4,190,59,48,73,74,75,44,72,39,67,50,33,34,39,84,70,72,83,44,83,85,68,71,76,60,77,39,77,76,79,82,82,71,72,47,62,99,75
Isaac Okoro,75,SF,SG,6'6,225,75,67,70,75,67,45,82,45,75,64,50,47,49,88,77,77,80,67,89,80,73,72,66,59,66,60,78,70,83,57,57,44,65,50,64,70,84
Deni Avdija,75,SF,PF,6'9,225,74,75,75,70,71,60,73,40,75,50,59,57,54,85,73,73,79,65,89,85,69,78,68,60,75,62,69,65,74,58,56,52,55,63,66,60,81
Kent Bazemore,75,SF,SG,6'4,201,47,57,75,93,74,67,74,35,72,59,67,30,46,84,77,77,78,45,84,89,77,70,72,33,70,44,74,74,76,65,61,59,72,33,64,99,76
Zach Collins,75,PF,C,6'11,235,84,49,73,92,72,53,69,67,63,61,67,69,67,75,63,63,76,58,75,80,37,48,36,37,38,65,44,67,55,63,35,71,49,53,52,99,79
Harry Giles III,75,C,PF,6'11,240,74,78,61,98,74,72,77,81,72,60,67,67,65,80,65,64,72,63,72,80,38,39,63,51,74,65,41,67,58,53,51,60,35,70,82,99,77
Jarrett Culver,75,SF,PG,6'6,194,58,72,69,82,45,53,71,53,72,66,55,39,53,85,77,79,84,55,91,85,77,74,67,42,76,50,67,71,72,63,51,59,44,47,49,99,82
Josh Okogie,75,SF,SG,6'4,212,63,66,63,74,77,43,67,30,72,39,28,30,32,70,91,86,88,45,77,75,77,73,66,37,62,49,77,77,79,80,57,51,72,51,55,99,79
Frank Kaminsky III,75,C,PF,7'0,242,90,65,75,93,67,85,75,49,63,69,75,76,76,90,46,51,64,63,85,85,37,52,39,59,50,63,39,61,41,49,36,49,39,56,74,99,77
Keldon Johnson,75,SF,SG,6'5,211,71,71,76,89,67,58,71,63,63,50,58,50,52,80,73,75,68,65,81,92,70,68,65,41,68,61,66,62,72,49,41,39,53,50,63,99,81
David Nwaba,75,SF,PF,6'5,219,77,73,73,84,65,48,65,49,72,50,43,39,37,71,67,69,77,65,81,93,64,63,58,29,44,66,76,76,75,78,54,73,72,40,59,99,75
Nicolo Melli,75,PF,C,6'9,235,77,81,77,97,70,80,60,58,49,55,55,53,55,70,53,52,57,61,77,70,46,58,41,40,49,60,39,58,55,56,45,55,39,51,65,99,76
Timothe Luwawu-Cabarrot,75,SF,SG,6'7,210,46,63,78,86,80,52,79,39,72,58,37,35,49,82,76,76,80,41,81,78,70,71,72,30,74,53,72,74,73,71,37,41,44,42,49,99,76
Boban Marjanovic,75,C,,7'4,290,77,67,61,87,74,58,49,91,58,69,73,69,58,40,25,25,39,75,67,45,25,35,58,32,35,70,30,63,35,70,36,55,63,85,86,99,75
Dorian Finney-Smith,75,SF,PF,6'7,220,67,68,78,86,69,73,69,39,80,52,39,46,39,85,64,64,79,47,77,85,43,58,63,33,61,69,76,71,76,71,37,54,67,58,54,99,76
James Ennis,75,SF,SG,6'6,210,68,78,72,92,77,63,78,67,69,49,47,51,55,85,50,55,64,56,77,75,49,65,63,33,72,65,69,69,66,67,40,54,63,54,60,99,75
Wesley Matthews,75,SG,SF,6'4,220,69,66,78,90,76,49,77,44,49,60,63,63,65,85,68,73,69,53,85,80,66,74,72,34,77,37,77,74,77,78,37,36,69,32,45,99,79
R.J. Barrett,75,SG,SF,6'6,210,59,60,72,88,59,83,77,44,77,69,76,50,53,92,80,81,78,52,91,80,78,77,74,59,74,56,66,62,74,53,45,46,44,39,61,99,86
Royce O'Neale,75,SF,SG,6'4,226,71,64,79,87,71,49,73,53,67,57,57,52,50,75,60,60,63,58,77,80,60,65,58,43,63,65,79,77,80,65,39,50,77,32,66,99,76
Malik Monk,75,SG,PG,6'3,200,81,74,70,84,81,77,72,39,77,55,44,25,60,88,77,77,84,47,84,72,73,72,72,64,68,44,65,70,70,65,37,50,44,43,54,99,78
Kevin Porter Jr.,75,SF,SG,6'4,213,65,65,74,84,72,73,72,39,77,42,43,25,60,86,81,81,72,50,84,76,79,78,75,60,78,43,66,67,72,67,54,49,52,47,58,99,84
Patrick Williams,75,SF,PF,6'8,225,72,80,75,70,83,50,68,60,65,40,40,44,42,80,70,70,77,60,88,75,64,70,60,34,62,70,76,80,74,65,66,61,65,44,52,70,84
D.J. Augustin,75,PG,,5'11,183,66,78,78,95,85,85,76,25,25,59,32,25,57,80,79,80,65,28,81,82,78,77,81,77,82,25,58,52,67,58,39,27,49,32,44,99,76
Matt Thomas,74,SG,SF,6'4,193,67,78,85,98,87,75,67,35,53,52,39,39,50,94,62,61,62,44,88,85,57,68,58,34,66,47,49,58,59,55,39,25,48,36,56,99,74
Bryn Forbes,74,SG,PG,6'2,190,78,78,80,97,79,83,74,35,39,52,41,28,50,87,65,65,69,36,77,76,64,67,65,45,66,43,56,54,66,49,36,25,40,29,43,99,77
Kevon Looney,74,C,,6'9,220,72,71,39,97,62,63,77,65,68,55,62,57,52,66,56,66,61,65,84,93,47,59,53,42,66,68,47,71,60,62,63,59,58,79,69,99,76
Juan Hernangomez,74,PF,SF,6'9,230,30,65,76,95,64,58,65,58,67,51,61,67,65,72,60,60,67,58,77,80,46,62,53,32,62,62,62,60,63,46,37,49,53,50,74,99,77
Landry Shamet,74,SG,SF,6'4,188,76,63,78,96,91,55,71,35,49,52,26,30,37,76,83,83,77,40,81,81,80,75,76,37,77,25,58,55,73,49,33,39,35,27,40,99,79
Tyrese Haliburton,74,PG,SG,6'5,175,72,64,81,85,77,50,70,40,65,40,40,42,49,85,79,79,70,59,88,85,79,86,80,77,79,60,74,74,74,73,72,56,65,49,65,75,83
Avery Bradley,74,PG,SG,6'3,180,84,82,77,79,72,50,67,25,49,39,36,28,40,85,80,75,75,49,81,80,77,75,71,51,64,58,80,77,80,77,48,35,77,33,45,99,76
Daniel Gafford,74,C,,6'10,238,80,63,29,97,56,76,69,81,72,74,68,66,64,80,72,67,78,68,78,75,43,41,43,41,52,71,64,67,57,61,44,89,70,66,56,99,78
Vincent Poirier,74,C,,7'0,255,85,68,53,82,67,39,60,67,58,52,59,58,62,66,49,47,65,81,77,80,43,39,52,36,55,67,50,66,43,43,30,72,49,78,76,99,74
Damian Jones,74,C,,6'11,245,80,63,55,92,73,58,72,81,72,64,67,54,39,84,61,53,88,77,80,85,37,35,34,31,52,73,39,77,41,48,41,74,67,67,66,99,75
Austin Rivers,74,PG,SG,6'3,200,77,63,76,89,67,49,79,25,63,65,41,31,42,83,76,80,78,43,91,83,75,82,76,53,82,40,77,78,76,63,46,44,72,39,51,99,76
Omari Spellman,74,C,PF,6'8,245,72,71,79,92,76,73,67,81,63,69,66,70,66,85,52,50,77,80,80,85,35,38,32,35,50,69,47,69,51,52,51,61,39,66,70,99,76
Frank Ntilikina,74,PG,SG,6'4,200,57,76,72,87,82,49,63,30,44,38,39,32,47,85,77,78,67,46,77,80,77,82,74,70,77,35,78,77,78,67,63,50,67,35,46,99,76
Tony Snell,74,SF,SG,6'6,213,79,80,80,87,82,33,61,35,72,40,42,33,47,85,65,64,69,47,77,80,58,71,63,42,70,39,73,70,74,72,36,44,65,27,41,99,75
Nicolas Batum,74,SF,SG,6'9,200,74,70,65,79,79,35,71,53,58,35,60,39,61,73,65,62,78,41,84,79,65,68,72,67,69,63,70,65,67,49,48,53,58,49,64,99,77
Damion Lee,74,SG,PG,6'5,210,81,69,77,93,83,78,75,39,63,71,49,43,47,78,65,66,72,53,79,70,63,67,61,57,60,55,58,58,71,63,51,35,35,36,63,99,74
Brad Wanamaker,74,PG,SG,6'3,210,61,72,78,98,89,78,81,39,52,72,39,31,45,95,76,76,72,33,88,85,76,76,76,66,79,33,55,41,64,56,61,46,30,33,46,99,74
Jordan McLaughlin,74,PG,SG,5'11,170,78,71,78,97,64,75,78,25,63,62,25,25,25,84,72,72,71,50,81,76,71,80,81,76,80,25,65,50,67,71,77,39,49,31,43,99,75
Jake Layman,74,SF,PF,6'8,215,65,75,73,96,67,58,62,49,58,57,52,48,44,55,65,63,80,55,77,81,58,65,63,29,52,58,63,54,69,60,45,54,44,40,45,99,76
Cameron Johnson,74,PF,SF,6'8,205,67,74,79,94,73,70,62,58,58,49,56,60,62,57,67,66,76,58,81,86,42,57,57,34,66,49,48,58,53,49,41,51,63,45,51,99,82
Devin Vassell,74,SF,SG,6'7,195,69,66,81,70,74,50,66,40,60,44,70,37,44,80,72,72,77,60,89,85,65,66,69,33,70,62,77,77,81,68,69,62,65,33,67,60,84
Lonnie Walker IV,74,SG,PG,6'5,205,51,72,80,84,69,63,71,39,72,39,47,47,51,75,90,89,79,62,81,65,74,75,67,36,67,53,71,60,75,63,51,53,35,37,57,99,80
DeAndre Bembry,74,SG,PG,6'5,210,85,53,57,97,57,74,80,44,72,72,58,39,49,90,67,67,69,58,81,75,64,75,72,51,82,50,72,67,71,81,82,54,58,44,59,99,76
Josh Jackson,74,SF,PF,6'8,200,67,75,70,69,63,35,78,53,72,39,57,49,52,85,77,79,82,51,77,75,65,66,53,47,44,60,71,65,69,72,70,60,53,40,58,99,74
Killian Hayes,74,PG,SG,6'5,192,77,75,74,80,84,50,79,25,60,50,60,35,55,85,75,75,70,56,89,85,74,83,82,82,84,49,69,69,73,70,70,49,55,34,44,70,85
Aaron Holiday,74,PG,SG,6'0,185,69,66,80,91,82,83,72,25,58,67,32,25,44,88,73,77,54,48,81,85,73,82,80,72,82,34,65,64,72,66,45,44,44,33,46,99,80
Taurean Prince,74,PF,SF,6'7,220,64,71,74,84,77,53,73,72,67,44,49,50,44,85,77,75,80,58,80,85,66,67,65,38,55,62,71,65,73,77,42,49,58,37,66,99,76
Georges Niang,74,PF,SF,6'7,230,83,73,81,82,79,67,67,25,49,49,67,67,68,74,43,45,69,48,84,80,43,64,63,32,70,58,53,60,53,58,35,36,39,34,56,99,75
Chris Silva,74,PF,SF,6'8,230,63,66,69,69,68,30,64,67,63,54,58,51,50,78,60,60,72,66,78,75,52,63,63,40,54,60,53,58,49,50,41,83,35,84,73,99,74
Precious Achiuwa,74,PF,C,6'9,234,72,59,30,55,60,30,60,85,75,64,42,47,44,75,75,74,79,78,84,88,66,49,36,34,50,75,56,73,66,89,55,77,55,82,75,55,83
Cameron Reddish,74,SF,SG,6'8,208,61,67,72,74,77,39,70,49,77,50,46,42,50,81,77,82,80,50,83,71,76,76,65,35,69,53,76,65,75,72,54,53,49,36,55,99,84
Grayson Allen,74,SG,,6'4,198,72,73,77,84,85,58,71,25,67,49,41,31,42,75,79,75,77,43,79,78,76,70,67,44,72,35,69,67,71,71,32,30,44,30,54,99,78
Patrick Patterson,74,PF,C,6'8,230,64,72,79,88,68,49,58,72,58,50,67,69,62,80,63,45,65,78,77,75,41,35,30,33,64,72,63,74,58,72,31,35,63,49,61,99,75
Javonte Green,74,SF,SG,6'4,220,74,68,63,82,78,72,78,25,81,66,28,30,32,80,69,71,81,45,77,75,66,69,58,34,68,49,65,63,66,77,79,54,49,47,63,99,74
Dante Exum,74,SG,PG,6'5,190,63,67,76,84,71,35,72,25,58,61,39,28,53,85,76,78,74,47,77,85,76,72,72,43,77,27,76,75,76,71,40,51,72,37,54,99,74
Darius Garland,74,PG,,6'1,175,87,67,76,87,87,58,71,25,63,40,41,32,36,84,84,84,80,39,91,92,84,82,75,71,80,31,65,63,75,57,45,30,50,33,36,99,82
Torrey Craig,74,SF,SG,6'7,215,60,54,73,87,67,49,67,35,58,47,53,39,50,83,61,59,70,48,77,62,56,66,50,30,50,71,77,76,77,72,51,70,72,53,58,99,74
Ed Davis,73,C,PF,6'9,225,71,50,25,74,60,30,58,72,66,41,53,58,55,63,63,37,72,75,77,85,37,44,32,28,60,64,39,64,52,53,51,64,49,77,80,99,77
JaMychal Green,73,PF,C,6'8,227,64,65,74,82,70,53,66,67,67,58,62,61,54,84,57,53,71,66,81,80,43,35,53,30,61,66,49,66,60,58,36,54,35,58,81,99,75
Robin Lopez,73,C,,7'0,275,87,71,73,84,52,71,75,72,58,51,74,87,53,88,25,25,55,72,81,92,25,35,30,32,69,67,53,77,25,63,31,77,67,54,49,99,77
E'Twaun Moore,73,SG,SF,6'3,191,81,63,77,95,66,78,70,25,53,48,46,39,55,79,67,73,75,52,77,82,67,73,72,52,70,42,60,49,66,63,41,46,39,40,49,99,75
Goga Bitadze,73,C,,6'11,250,72,77,60,84,71,67,70,72,63,58,71,69,64,92,51,52,61,76,77,78,50,58,52,33,69,63,25,60,30,42,33,87,40,58,73,99,81
Bruno Fernando,73,C,,6'9,237,51,67,41,93,57,59,72,81,75,69,63,62,61,80,75,73,72,81,83,85,49,49,50,45,65,66,47,63,58,60,42,58,39,70,73,99,77
Sekou Doumbouya,73,PF,SF,6'8,230,74,70,67,67,64,39,72,72,81,49,65,71,63,70,78,79,90,76,81,85,58,49,48,28,52,62,58,66,63,49,40,46,39,39,61,99,82
Sviatoslav Mykhailiuk,73,SF,SG,6'7,205,44,71,81,87,79,68,66,39,53,44,37,41,46,85,78,78,66,52,77,73,72,62,66,46,64,36,53,49,64,52,45,32,30,32,43,99,76
Bol Bol,73,C,,7'2,208,75,76,74,78,72,38,62,81,67,44,67,67,65,75,65,65,66,53,77,50,58,64,49,39,40,69,50,62,56,45,46,80,38,64,77,99,83
Jared Dudley,73,PF,,6'6,237,72,82,82,87,67,50,67,39,33,43,56,35,50,79,46,43,63,66,77,70,40,61,53,34,58,63,62,76,65,69,51,44,63,34,51,99,76
Cory Joseph,73,PG,SG,6'3,193,78,69,75,94,79,43,73,25,30,58,29,27,38,85,71,69,63,39,84,70,71,80,83,68,84,52,77,68,78,57,42,50,67,36,47,99,74
Maurice Harkless,73,SF,PF,6'7,220,66,56,75,84,57,39,75,53,78,36,39,39,41,85,69,73,78,44,81,79,59,61,63,32,48,58,73,75,73,62,54,58,67,44,57,99,74
Raul Neto,73,PG,,6'1,179,65,75,81,90,81,53,71,25,25,62,35,42,39,81,68,72,65,49,78,85,67,76,72,68,76,39,70,63,72,77,54,44,67,35,44,99,73
Isaac Bonga,73,SF,PF,6'8,180,81,62,75,77,77,38,73,53,63,42,43,51,60,80,72,58,74,39,72,65,40,74,74,34,76,53,63,63,70,53,48,55,35,54,58,99,77
Jordan Poole,73,SG,PG,6'4,191,65,64,69,88,77,73,72,44,58,67,43,29,46,80,70,75,70,59,77,65,69,75,66,62,68,46,63,63,71,53,40,41,30,28,47,99,79
Anfernee Simons,73,PG,SG,6'3,185,73,77,74,84,79,68,70,39,72,63,32,25,43,85,82,85,86,27,67,80,77,75,76,38,79,34,57,49,73,53,36,39,30,34,46,99,79
Darius Miller,73,SF,PF,6'6,225,80,79,77,90,76,49,72,39,49,29,44,35,49,80,63,66,81,56,77,68,58,65,50,41,54,47,59,55,64,43,37,49,39,29,40,99,73
Justin Jackson,73,PF,SF,6'7,210,88,77,69,89,78,58,63,35,58,50,40,32,49,82,70,73,76,55,81,66,66,71,63,33,62,39,62,58,67,58,32,46,39,39,55,99,75
Mike Muscala,73,C,PF,6'10,240,85,77,76,97,80,78,56,72,58,53,65,67,63,77,42,36,56,73,76,80,39,41,58,39,60,65,51,64,52,52,35,56,44,39,66,99,76
Abdel Nader,73,SF,PF,6'5,225,77,67,77,93,74,63,71,39,67,55,30,35,37,85,69,71,76,50,77,75,61,66,47,32,49,41,60,57,69,39,40,60,39,35,50,99,74
Cameron Payne,73,PG,,6'3,190,84,76,74,92,77,65,67,25,25,67,31,25,36,72,72,75,69,38,78,75,79,75,72,70,72,31,53,49,66,50,54,49,38,35,46,99,76
Jalen Smith,73,PF,C,6'10,225,74,77,70,68,72,60,60,85,80,47,67,68,66,80,69,68,86,44,82,75,49,38,29,34,40,70,48,73,62,44,42,76,55,66,73,65,82
Luka Samanic,73,PF,,6'10,227,71,65,69,82,66,43,68,63,58,43,66,62,60,70,69,71,76,61,77,73,55,62,57,48,68,57,47,72,58,50,39,63,45,57,63,99,79
Chris Clemons,73,PG,,5'9,180,57,69,75,97,82,75,76,25,58,62,32,25,44,93,83,83,76,35,85,90,83,82,76,62,75,34,55,46,68,57,37,54,30,31,45,99,73
Patrick McCaw,73,SF,PG,6'7,185,63,68,72,79,83,43,70,39,72,55,45,43,55,73,72,59,69,56,85,76,66,67,58,43,62,52,72,69,71,76,57,35,58,36,42,99,75
Nickeil Alexander-Walker,73,SG,PG,6'5,204,51,71,75,82,55,45,67,39,58,52,62,52,56,88,69,72,67,58,86,75,69,77,72,69,73,50,72,67,73,71,36,49,53,33,62,99,79
Kira Lewis Jr.,73,PG,,6'3,165,65,68,78,75,79,60,74,25,45,50,32,25,45,86,92,93,70,49,85,70,82,82,77,74,79,34,67,68,75,65,66,35,40,34,49,75,82
JaKarr Sampson,73,PF,SF,6'7,207,80,67,65,91,77,54,71,63,72,53,56,41,40,75,56,64,75,39,74,83,63,67,49,38,54,58,74,72,74,68,40,60,67,51,60,99,73
Isaiah Hartenstein,73,C,,7'0,249,83,69,71,94,67,59,67,74,64,58,58,55,56,74,61,61,69,61,79,69,41,55,49,36,59,59,40,64,49,53,39,70,39,72,82,98,75
Facundo Campazzo,73,PG,,5'11,165,64,74,76,90,83,50,72,25,25,50,35,43,40,81,72,72,58,49,80,95,70,79,82,86,86,40,70,65,73,76,69,45,50,35,45,75,73
Nicolas Claxton,73,C,PF,6'11,217,77,62,64,95,62,60,72,72,72,66,62,61,57,80,61,60,76,68,86,85,43,48,39,48,48,67,48,67,52,43,28,71,44,74,63,99,79
Tyler Johnson,73,SG,PG,6'3,190,85,70,68,92,72,55,81,30,72,63,30,35,41,78,70,67,78,30,77,80,69,74,80,52,73,35,69,60,67,56,37,51,38,35,47,99,75
Wesley Iwundu,73,SF,SG,6'6,195,68,69,73,84,78,63,58,39,63,43,50,48,56,80,60,62,76,48,77,75,58,71,65,34,62,60,67,63,72,60,42,49,49,38,54,99,74
Gary Clark,73,PF,,6'6,225,70,75,74,92,77,50,63,53,58,52,60,58,52,83,51,52,72,63,77,80,35,52,50,29,54,62,58,61,63,61,32,65,47,55,61,99,75
Quinn Cook,73,PG,,6'1,179,79,77,77,86,74,70,78,25,30,57,31,28,41,74,74,71,58,34,77,87,74,77,79,64,77,30,63,50,72,49,40,30,30,34,45,99,76
Terance Mann,73,SF,PG,6'5,215,67,69,68,88,73,49,71,44,72,49,49,46,49,70,68,67,76,49,78,85,67,74,69,66,72,52,63,57,70,50,41,54,39,33,50,99,75
Thon Maker,73,C,PF,7'0,221,79,79,75,87,63,67,67,77,63,47,56,57,59,82,65,65,75,61,77,80,58,63,58,35,32,52,44,60,60,53,45,77,49,61,64,99,76
Dylan Windler,73,SF,SG,6'6,196,64,72,76,74,78,44,69,35,49,36,43,32,43,79,65,66,72,60,77,65,64,66,60,53,64,41,58,55,62,58,62,54,35,57,66,99,80
Damyean Dotson,73,SG,SF,6'5,210,43,78,77,92,65,70,70,39,58,43,39,31,45,89,82,82,76,33,77,74,71,68,65,50,62,33,63,66,69,64,40,36,53,31,49,99,75
Luke Kornet,73,C,PF,7'2,250,74,54,67,98,82,77,58,72,58,70,66,66,65,87,37,36,60,63,81,85,33,42,49,46,60,71,32,70,34,52,36,78,58,45,55,99,73
Garrett Temple,73,SG,SF,6'5,195,71,69,72,91,74,53,73,25,30,55,45,36,53,85,55,60,66,43,81,79,55,72,72,50,74,45,75,74,73,71,40,51,67,34,49,99,75
Pat Connaughton,73,SG,SF,6'5,209,80,61,72,97,72,75,74,30,82,52,30,35,34,73,74,75,91,30,77,84,63,70,63,41,69,35,62,59,71,43,35,60,51,55,64,99,76
Mike Scott,73,PF,,6'7,237,79,72,75,92,74,63,66,67,67,39,63,61,63,70,43,43,61,70,77,87,43,43,38,31,42,64,63,61,63,50,35,35,49,51,64,99,74
Anzejs Pasecniks,72,C,,7'1,229,85,64,52,83,57,65,58,67,63,49,63,64,60,77,53,52,62,72,81,91,26,32,33,31,52,66,39,64,50,59,36,63,44,71,66,99,75
Wayne Ellington,72,SG,,6'4,200,69,68,75,97,77,65,67,35,49,52,35,30,58,91,67,68,75,62,77,66,62,67,72,51,75,37,58,41,67,48,37,41,39,28,53,99,75
Chuma Okeke,72,SF,PF,6'8,235,62,73,76,40,72,40,70,45,50,40,53,48,52,70,70,70,74,60,80,80,65,69,65,30,66,63,80,77,81,75,83,72,45,68,64,25,80
Dennis Smith Jr.,72,PG,,6'2,195,61,46,69,81,49,45,73,25,81,58,37,30,31,89,82,83,87,52,84,65,81,82,76,73,75,25,63,63,74,72,73,51,44,44,52,99,76
Reggie Bullock,72,SG,SF,6'6,205,64,78,73,92,80,63,68,39,49,53,41,30,49,66,61,64,69,49,77,70,54,68,72,47,72,49,54,61,63,49,51,35,39,35,46,99,75
Jerome Robinson,72,SG,SF,6'4,190,58,71,73,79,77,54,73,30,58,52,37,30,36,78,73,75,68,58,77,75,73,74,71,43,76,48,60,56,73,58,41,54,35,31,58,99,78
Alen Smailagic,72,PF,C,6'10,216,63,62,57,82,63,44,66,63,63,52,63,60,58,70,57,65,64,65,81,85,47,57,57,56,62,66,49,65,63,49,36,63,44,60,58,99,77
Nassir Little,72,PF,SF,6'5,224,71,73,58,79,62,44,76,35,78,49,57,52,50,80,74,76,77,67,81,85,65,63,50,30,49,65,67,67,74,63,37,59,53,51,58,99,80
Jaden McDaniels,72,SF,PF,6'10,201,71,79,75,40,76,60,82,40,75,52,44,42,56,79,79,78,80,37,85,84,70,78,44,40,40,60,60,45,73,60,43,59,40,42,60,40,83
Naz Reid,72,C,PF,6'9,256,67,67,73,88,67,60,69,63,63,56,58,58,56,68,49,48,67,78,78,85,48,56,57,42,65,74,52,63,52,59,51,73,58,63,73,99,78
Aleksej Pokusevski,72,PF,SF,7'0,195,70,76,74,60,76,55,71,70,70,40,62,54,54,75,60,60,60,49,84,60,52,62,59,44,54,67,67,67,54,57,62,77,50,52,70,50,81
Darius Bazley,72,PF,,6'8,208,57,71,74,79,65,59,69,49,77,52,49,57,52,80,70,72,78,49,77,75,67,66,49,29,47,53,54,58,64,57,37,69,35,37,75,99,83
Luguentz Dort,72,SG,SF,6'3,215,61,58,69,87,67,68,76,49,81,41,43,39,37,72,76,75,83,65,81,89,73,69,60,29,62,50,73,71,77,71,64,37,65,37,40,99,78
Jevon Carter,72,PG,SG,6'1,196,62,70,79,78,77,55,75,25,35,44,30,32,34,88,74,75,68,58,84,76,74,77,72,44,72,34,76,69,80,72,70,53,67,41,50,99,78
Bruno Caboclo,72,PF,C,6'9,218,60,65,58,86,80,58,67,49,67,40,30,30,41,90,64,66,74,39,77,85,63,60,63,34,62,58,57,67,63,77,73,82,35,70,63,99,75
Stanley Johnson,72,PF,SF,6'6,245,85,76,68,87,75,33,69,35,67,49,34,37,39,80,64,73,59,58,77,85,64,67,63,41,45,53,75,69,74,75,70,49,49,38,64,99,74
Isaiah Stewart,72,C,PF,6'9,250,76,69,45,70,80,60,69,75,70,64,71,73,64,79,63,62,70,80,84,87,52,34,44,32,50,70,54,72,60,42,44,74,50,61,77,70,80
Rodney McGruder,72,SF,SG,6'4,200,84,64,66,82,69,35,58,35,49,44,40,30,41,80,68,66,67,44,72,70,64,71,65,30,69,49,76,76,76,71,41,46,67,42,58,99,74
Saddiq Bey,72,SF,PF,6'8,216,65,73,82,60,74,60,70,45,60,45,52,43,42,84,63,60,70,50,87,75,57,70,57,39,50,64,75,77,79,52,47,44,60,38,50,50,81
Sindarius Thornwell,72,SF,SG,6'5,215,65,72,66,82,71,58,72,39,44,44,47,30,44,69,63,64,69,66,81,65,58,67,63,33,62,52,67,65,71,39,61,55,53,33,55,99,73
R.J. Hampton,72,PG,SG,6'6,190,67,67,69,60,68,45,79,40,75,40,50,54,57,98,90,90,83,54,89,70,88,83,70,67,71,49,71,60,77,63,62,37,50,50,64,70,80
P.J. Dozier,72,SG,PG,6'6,205,62,72,70,74,58,45,72,49,72,41,38,43,40,78,82,82,81,39,77,70,74,73,65,65,69,47,71,63,73,58,42,58,49,36,52,99,75
Josh Green,72,SG,SF,6'6,210,70,68,77,68,78,50,70,30,75,40,30,35,34,75,87,86,80,60,84,70,72,70,60,41,60,35,75,79,83,55,52,35,60,51,67,60,80
Cole Anthony,72,PG,SG,6'3,195,70,81,79,75,75,65,73,40,65,52,44,49,58,98,84,84,77,59,88,70,84,82,74,64,70,45,69,55,74,52,69,50,45,44,62,60,81
Talen Horton-Tucker,72,SG,SF,6'4,235,63,78,72,79,61,48,67,30,63,55,41,41,49,80,61,61,64,63,81,85,58,74,67,57,70,43,71,67,75,67,67,60,49,36,52,99,77
Kevin Knox II,72,SF,PF,6'7,215,53,63,73,77,63,39,64,63,72,48,65,57,50,78,72,72,77,67,86,73,69,72,62,44,60,55,66,65,69,66,36,60,39,36,60,99,80
Chimezie Metu,72,C,PF,6'9,225,80,39,59,92,74,44,67,77,67,54,53,58,44,90,50,50,72,66,80,85,30,36,47,45,58,64,49,65,58,53,57,49,39,79,78,99,76
Justin James,72,SF,SG,6'7,190,70,65,73,77,71,35,70,58,63,63,50,52,50,70,68,67,67,52,77,60,65,66,65,42,65,55,63,60,68,60,40,75,43,39,55,99,72
KZ Okpala,72,SF,SG,6'8,210,64,63,69,79,64,39,71,80,77,47,43,41,37,78,72,72,79,50,80,80,67,58,63,47,65,57,63,58,72,65,52,55,30,46,55,99,77
Solomon Hill,72,PF,SF,6'6,225,78,64,72,89,68,53,71,30,63,52,49,49,56,83,69,43,67,56,83,86,63,69,63,48,42,47,75,73,73,63,44,49,58,38,54,99,72
John Konchar,72,SG,SF,6'5,210,69,71,77,91,69,74,72,30,44,44,41,28,34,85,60,61,67,36,86,90,58,66,65,64,71,43,60,49,66,58,57,54,44,63,65,99,72
Aaron Nesmith,72,SF,SG,6'6,215,68,70,83,75,83,60,69,35,55,54,39,41,53,76,61,62,67,52,87,65,60,70,69,39,65,35,65,72,66,52,62,47,35,30,47,70,79
Semi Ojeleye,72,SF,PF,6'6,241,61,60,76,87,61,40,71,72,72,53,62,55,53,80,78,80,81,65,81,85,53,68,52,29,58,63,57,55,66,56,36,36,35,38,52,99,73
Tyrese Maxey,72,PG,SG,6'3,200,71,70,70,75,83,65,80,25,55,55,30,25,60,88,77,77,70,44,88,64,75,80,71,63,82,50,79,69,83,58,58,41,65,32,49,70,80
Hamidou Diallo,71,SG,SF,6'5,198,50,67,49,84,60,28,80,44,89,44,37,31,29,73,82,83,92,50,72,75,76,72,63,29,62,39,58,58,74,75,57,49,39,47,60,99,79
Grant Williams,71,PF,C,6'6,240,84,67,62,79,70,39,58,49,58,43,63,57,56,81,56,58,63,70,84,85,52,63,66,35,72,65,56,66,67,58,41,68,63,55,52,99,77
Terrance Ferguson,71,SF,SG,6'6,190,40,49,69,98,70,73,76,49,85,35,44,56,43,95,65,64,81,39,82,70,64,70,65,40,65,49,72,64,75,65,37,49,63,36,36,99,76
Juan Toscano,71,SF,PF,6'6,209,58,63,75,79,65,35,65,39,65,35,54,30,43,69,65,66,67,60,81,88,62,65,66,53,62,58,58,65,66,58,65,54,38,41,66,99,73
Jaylen Nowell,71,SG,PG,6'4,202,66,73,67,82,75,48,65,25,63,52,37,27,39,78,77,77,76,38,81,80,74,72,62,66,68,29,58,53,64,56,36,39,39,35,42,99,75
Jarred Vanderbilt,71,PF,SF,6'9,214,61,57,49,74,58,33,68,67,72,45,49,39,32,85,72,73,77,67,72,53,63,63,58,31,38,56,56,65,67,65,66,60,38,67,67,99,76
Keita Bates-Diop,71,PF,SF,6'8,229,49,66,73,74,68,53,67,53,63,53,58,52,61,80,74,74,69,58,77,70,63,63,56,32,56,61,61,58,71,58,39,63,35,40,61,99,75
Quinndary Weatherspoon,71,SG,,6'3,207,55,71,72,78,75,40,67,35,72,43,36,35,43,72,79,79,79,49,77,85,77,71,65,69,64,47,60,58,71,57,40,60,35,43,48,99,75
Sterling Brown,71,SF,SG,6'5,232,63,58,71,92,73,59,63,39,67,44,44,49,49,74,67,68,63,52,77,65,56,67,72,37,60,36,66,56,71,62,42,46,44,46,70,99,74
Malachi Flynn,71,PG,,6'2,185,67,75,77,70,85,50,79,25,25,59,25,25,37,73,73,73,65,44,83,70,73,76,74,69,73,27,69,69,76,68,79,35,55,32,40,70,80
Wenyen Gabriel,71,PF,SF,6'9,205,61,60,65,74,61,35,67,72,72,37,45,50,37,70,63,62,72,66,77,80,56,58,53,30,59,64,55,67,60,48,67,63,43,64,59,99,73
Edmond Sumner,71,SG,PG,6'4,176,58,69,63,84,61,53,63,49,78,62,44,36,43,80,78,80,90,39,82,80,77,67,57,61,66,43,60,58,72,58,61,58,35,40,45,99,75
Zeke Nnaji,71,C,PF,6'11,240,74,72,50,65,76,55,70,80,70,64,67,69,67,77,79,77,82,70,80,76,52,37,33,30,42,69,54,57,57,42,37,44,45,74,71,60,79
Vlatko Cancar,71,SF,PF,6'8,215,65,71,72,82,80,45,67,44,63,44,44,41,43,80,58,58,67,53,77,65,52,62,50,55,54,47,50,50,61,39,43,49,39,57,63,99,75
Chris Chiozza,71,PG,,5'11,175,63,70,77,78,73,63,67,25,30,49,30,35,30,78,70,73,65,41,77,79,67,75,76,73,72,31,65,63,68,72,75,41,44,36,54,99,73
Rodions Kurucs,71,PF,SF,6'9,210,58,67,78,84,75,58,67,39,63,44,30,35,37,85,67,66,71,49,77,65,63,65,52,38,55,48,60,57,69,39,45,36,39,42,63,99,76
Tyrell Terry,71,SG,PG,6'2,185,70,77,80,65,88,65,74,25,40,50,32,27,34,69,72,72,72,44,85,75,72,76,74,64,72,30,55,59,65,44,44,30,35,30,49,60,80
Jordan Bone,71,PG,,6'3,179,70,68,73,77,80,35,70,25,49,43,39,28,43,80,87,87,91,35,77,68,86,72,62,39,68,33,71,65,76,58,57,37,58,31,47,99,75
Khem Birch,71,C,PF,6'9,233,71,49,25,89,59,58,59,72,67,49,53,49,43,78,68,64,75,70,72,90,34,32,25,31,40,74,47,76,55,58,36,61,63,73,71,99,73
Dwayne Bacon,71,SF,SG,6'6,221,66,57,67,85,63,67,73,49,63,49,65,49,50,78,69,69,76,54,79,84,64,67,60,44,52,37,58,56,61,58,48,32,35,36,59,99,73
Alfonzo McKinnie,71,SF,PF,6'7,215,74,71,58,79,54,39,67,67,63,49,50,49,52,78,61,63,76,59,75,81,42,57,52,28,52,63,63,63,66,62,54,49,49,57,60,99,71
Ignas Brazdeikis,71,SF,PF,6'6,221,71,71,73,97,74,43,67,30,63,43,30,37,36,68,60,62,72,47,77,80,58,67,59,51,60,55,57,49,65,43,37,56,30,48,61,99,78
Immanuel Quickley,71,SG,PG,6'3,190,65,74,80,85,89,55,66,40,55,32,45,50,51,74,82,82,79,54,81,65,76,70,75,37,60,37,71,69,74,44,46,32,55,37,42,60,79
Udoka Azubuike,71,C,,7'0,270,64,34,25,59,44,65,70,85,75,50,48,44,45,35,72,70,93,80,79,75,44,35,25,27,34,76,44,74,51,54,31,77,60,76,75,50,77
Miye Oni,71,SG,,6'5,206,67,63,74,84,76,40,65,30,67,34,37,47,43,80,78,77,78,45,77,75,70,66,62,48,68,53,66,65,70,62,58,62,38,47,60,99,76
Jalen McDaniels,71,PF,,6'10,192,71,65,70,74,71,30,64,58,63,53,57,60,65,68,55,54,70,58,77,80,52,60,53,33,59,57,53,53,58,49,41,55,35,50,71,99,75
Cody Martin,71,SF,SG,6'5,205,71,66,61,89,65,73,70,25,63,40,37,44,43,82,56,56,72,56,81,65,55,67,64,61,69,47,60,69,63,63,63,46,51,46,61,99,76
Udonis Haslem,71,PF,C,6'8,235,78,63,46,81,72,35,50,53,59,54,58,60,65,64,52,33,58,70,75,90,31,35,29,29,64,71,53,67,47,63,62,39,58,55,77,99,76
Brandon Goodwin,71,PG,,6'0,180,63,69,70,74,81,58,74,30,63,42,29,30,31,79,80,79,79,50,77,74,79,73,72,66,70,34,64,64,69,56,45,44,49,47,63,99,71
Jontay Porter,71,PF,C,6'11,240,66,67,71,74,72,39,65,63,67,39,58,53,50,76,54,57,64,69,81,52,43,47,41,34,52,60,35,58,49,52,30,66,30,50,67,99,74
Daniel Oturu,71,PF,C,6'9,240,73,69,69,49,67,40,68,75,70,41,66,65,66,80,60,60,69,50,81,65,48,37,45,37,42,76,40,75,60,65,38,70,60,70,76,40,78
Mfiondu Kabengele,71,C,PF,6'9,256,67,71,66,79,76,51,65,77,77,42,58,52,49,75,69,67,69,72,81,80,53,52,34,28,48,71,56,71,55,43,43,77,49,69,65,99,78
Tremont Waters,71,PG,,5'10,172,58,66,72,74,77,35,70,25,30,41,25,28,39,78,87,87,72,34,77,87,86,78,73,67,77,30,74,58,77,75,77,32,53,34,43,99,75
Matthew Dellavedova,71,PG,SG,6'3,200,84,77,56,79,85,30,65,25,25,37,30,28,28,76,67,63,64,35,78,92,67,72,72,74,80,30,78,76,74,58,39,30,72,36,43,99,71
Cristiano Felicio,71,C,,6'10,265,52,71,25,85,69,62,53,81,75,66,58,56,47,69,59,60,75,76,77,92,42,35,33,31,44,66,36,63,49,55,39,36,52,81,65,99,72
Ryan Arcidiacono,71,PG,,6'3,200,36,81,79,92,68,58,73,25,30,44,37,27,37,78,67,69,63,39,77,74,67,76,81,56,85,35,63,63,65,60,41,32,39,36,50,99,73
Jaylen Adams,71,PG,,6'2,190,67,72,74,79,77,53,68,25,25,53,25,25,39,75,77,77,75,49,80,71,77,77,72,69,70,27,55,56,66,46,42,49,35,37,54,99,73
D.J. Wilson,71,PF,C,6'10,231,76,65,62,83,53,49,67,49,63,49,53,66,63,74,61,62,60,61,74,80,54,66,58,40,65,58,36,63,64,49,28,54,39,42,69,99,74
Marques Bolden,70,C,,6'10,249,66,67,47,74,68,28,62,78,78,40,57,62,50,78,57,56,75,63,83,83,32,33,28,28,30,68,38,72,40,53,47,76,38,73,67,98,70
Ty Jerome,70,PG,,6'5,194,62,72,67,82,71,45,69,40,48,50,39,37,36,88,68,67,60,54,84,85,68,82,75,70,75,39,63,63,70,65,61,44,49,35,54,99,77
Kenrich Williams,70,PF,SF,6'6,210,57,54,65,98,37,73,71,39,63,53,52,39,50,90,60,58,69,61,77,85,54,66,62,35,65,60,61,58,72,58,42,60,44,55,66,99,74
Theo Maledon,70,PG,SG,6'5,180,72,74,78,68,70,60,72,35,50,44,40,37,49,80,77,77,72,39,84,75,77,79,78,71,82,37,56,40,65,54,63,47,30,35,45,65,79
Isaiah Roby,70,PF,SF,6'8,230,63,67,70,82,65,49,65,67,67,44,49,49,49,85,71,69,76,49,77,65,49,53,47,31,47,60,58,58,61,58,45,54,49,46,60,99,76
Tre Jones,70,PG,,6'3,190,60,68,73,57,81,35,70,25,35,40,30,32,34,80,74,74,71,60,85,75,74,79,79,74,79,34,75,70,79,76,76,55,65,42,52,60,79
Kelan Martin,70,SF,SG,6'5,235,82,70,62,77,75,53,69,39,58,39,38,32,46,65,55,57,64,43,83,70,51,63,63,33,62,39,66,65,69,36,33,53,44,36,69,99,71
Tyler Bey,70,PF,SF,6'7,215,71,74,68,40,74,35,73,45,75,57,57,49,52,80,82,81,94,63,85,85,69,65,56,44,49,65,76,72,79,70,57,53,60,39,48,50,79
Theo Pinson,70,SG,PG,6'5,218,67,62,53,74,82,38,72,44,72,58,37,35,37,87,70,74,77,39,77,75,64,67,49,71,45,58,68,66,72,65,63,46,58,38,53,99,72
DaQuan Jeffries,70,SG,SF,6'5,216,58,72,73,74,73,60,69,67,72,41,58,61,63,70,76,76,85,55,77,60,65,67,53,37,53,52,56,49,66,52,51,49,35,49,63,99,73
Kyle Guy,70,PG,SG,6'1,170,62,78,80,84,71,73,70,39,39,44,47,48,49,89,69,69,76,41,77,82,69,67,66,48,61,39,57,49,58,58,39,49,35,33,46,99,74
Robert Woodard II,70,SF,PF,6'7,230,56,73,74,50,64,30,70,65,70,44,37,42,52,75,82,82,83,62,80,80,63,57,55,34,54,48,76,60,73,68,60,60,60,54,55,45,77
Elijah Hughes,70,SG,SF,6'6,215,69,72,76,75,77,65,69,45,70,51,41,57,57,82,75,75,78,55,85,75,68,72,57,49,47,49,64,57,69,52,46,40,40,33,54,70,78
Juwan Morgan,70,PF,,6'8,232,66,68,67,74,66,33,58,67,63,46,55,52,50,74,57,55,63,49,77,75,42,52,37,30,55,63,55,62,55,65,52,68,49,67,67,99,73
Vernon Carey Jr.,70,C,PF,6'10,270,79,71,63,75,67,50,57,80,70,72,57,64,58,68,49,49,72,83,82,80,37,44,39,47,52,66,36,62,44,52,39,69,45,74,77,50,74
Caleb Martin,70,SG,SF,6'5,205,69,64,80,74,73,72,70,25,49,59,37,44,43,75,53,53,71,56,81,65,52,61,52,42,57,50,58,58,63,63,54,58,47,45,49,99,74
Max Strus,70,SF,SG,6'5,215,62,66,73,79,77,53,65,35,63,43,47,41,52,68,69,69,69,39,74,70,67,66,60,38,60,44,55,49,63,49,39,43,35,29,43,99,70
Xavier Tillman,70,PF,C,6'8,250,61,63,60,65,66,30,65,70,65,40,52,50,54,77,46,44,69,72,75,83,37,61,62,59,68,78,60,80,60,52,52,79,65,67,74,40,79
Desmond Bane,70,SG,SF,6'6,215,69,74,82,70,79,50,71,35,69,47,49,30,61,84,66,64,72,46,75,75,61,74,76,64,74,34,66,62,67,54,54,37,35,39,53,55,78
Amir Coffey,70,SF,PF,6'7,205,54,65,66,75,70,35,69,25,39,39,52,37,51,78,72,72,72,50,77,70,72,67,65,65,64,46,55,65,61,62,39,50,49,37,46,99,73
Romeo Langford,70,SG,SF,6'4,215,68,69,63,72,69,35,70,35,63,52,36,35,56,80,80,80,77,41,88,75,77,76,67,27,69,41,63,66,73,49,40,56,35,49,40,99,78
Tacko Fall,70,C,,7'5,289,65,47,30,77,42,38,66,81,63,40,49,49,46,61,25,25,27,76,67,55,25,39,43,29,54,67,25,71,25,52,54,77,44,74,78,99,76
Payton Pritchard,70,PG,,6'2,206,70,76,80,70,81,60,72,25,35,65,35,40,46,75,75,75,66,41,84,78,75,76,74,69,72,36,60,60,69,45,44,30,35,31,44,60,76
Carsen Edwards,70,PG,,5'11,199,63,78,70,82,80,60,67,25,63,52,30,25,58,80,77,77,71,38,81,56,81,82,72,38,74,31,57,52,67,52,42,46,45,35,54,99,76
Dean Wade,70,PF,,6'9,228,64,65,68,74,67,39,58,75,72,58,62,58,58,70,60,60,79,49,75,83,42,58,37,30,55,49,43,67,56,65,52,36,44,64,60,99,70
Cassius Winston,69,PG,,6'1,200,76,75,82,75,85,65,74,25,30,40,25,25,25,70,57,57,52,52,80,70,66,80,77,66,80,25,54,52,60,50,38,32,30,30,47,65,80
Anthony Gill,69,PF,,6'8,230,72,72,76,50,81,40,70,75,75,40,60,62,60,74,69,67,79,50,80,75,53,54,38,30,55,55,50,50,50,58,54,71,35,54,58,65,72
Nico Mannion,69,PG,SG,6'3,190,70,76,79,65,80,55,74,40,65,44,35,36,44,60,82,82,75,37,80,75,82,80,72,77,73,37,64,54,74,69,41,25,50,36,47,35,80
Mychal Mulder,69,PG,SG,6'3,184,71,67,75,74,67,49,69,25,53,44,31,25,36,72,76,76,69,38,86,75,77,72,75,54,79,34,62,53,67,56,49,39,39,36,41,99,70
Moses Brown,69,C,,7'2,245,52,45,26,73,35,30,52,72,58,39,56,50,41,75,41,39,72,65,67,60,35,43,43,30,58,69,50,69,52,56,31,78,44,73,72,99,74
Drew Eubanks,69,C,PF,6'9,245,77,62,30,74,81,40,65,72,63,49,61,63,64,75,59,60,72,65,77,85,37,36,41,30,55,58,46,57,57,49,33,77,44,55,77,99,70
Jae'Sean Tate,69,PF,SF,6'4,230,70,70,70,60,58,35,72,65,75,49,66,64,67,80,69,69,75,65,80,85,62,64,60,40,62,68,65,60,70,57,57,57,45,67,69,35,74
Paul Watson,69,SG,SF,6'6,215,67,67,75,82,61,39,67,25,58,40,43,37,43,74,66,65,69,50,81,73,63,66,63,34,66,50,57,57,66,53,49,38,39,52,66,99,69
Deividas Sirvydis,69,SF,SG,6'8,190,67,75,77,60,77,40,70,35,60,45,37,44,52,80,59,59,68,32,80,73,54,70,69,54,70,55,64,60,69,44,42,37,45,50,54,40,78
Will Magnay,69,C,,6'10,234,60,60,67,55,67,35,63,75,65,40,57,60,52,70,64,62,74,63,80,80,47,52,59,32,55,68,43,69,52,58,62,75,45,70,70,70,70
Brian Bowen II,69,SG,SF,6'6,200,66,65,72,84,73,48,67,44,72,41,37,33,46,75,75,75,77,34,81,65,66,66,60,37,64,47,58,58,71,63,53,38,44,36,37,99,75
Cassius Stanley,69,SG,SF,6'6,195,68,67,75,60,73,40,69,55,85,52,51,44,58,79,91,91,90,44,85,66,74,69,57,32,50,37,54,52,77,47,32,30,40,37,59,50,77
Jalen Lecque,69,SG,PG,6'3,185,58,60,62,74,64,43,71,25,85,48,35,30,36,70,71,71,91,52,77,70,71,74,71,67,70,42,54,53,72,63,44,30,30,36,39,99,78
Reggie Perry,69,PF,C,6'9,250,68,70,68,50,75,35,65,80,75,44,52,54,50,95,72,72,75,70,82,72,60,57,44,44,42,66,37,64,51,42,40,60,35,72,74,30,78
Kostas Antetokounmpo,69,C,,6'10,200,67,49,30,74,49,55,65,83,80,65,50,55,43,70,61,53,72,58,77,75,33,37,30,28,51,58,48,67,57,49,33,50,49,69,67,99,75
Jared Harper,69,PG,,5'10,175,65,69,74,77,79,35,63,25,25,43,43,51,60,80,89,89,87,58,72,65,87,76,67,63,70,39,59,44,70,35,57,54,30,33,43,99,71
Jahmi'us Ramsey,69,SG,SF,6'4,195,64,70,76,55,64,45,60,35,65,42,40,37,42,80,66,64,70,45,75,70,62,73,68,59,69,50,66,67,72,52,54,47,55,43,60,75,77
Grant Riller,69,PG,SG,6'3,190,76,73,75,60,81,60,76,30,50,50,30,35,42,78,89,89,84,31,80,70,89,78,85,52,75,33,51,52,70,48,42,30,30,37,39,50,78
Nick Richards,69,C,,7'0,247,66,69,25,50,73,25,62,80,80,40,40,44,47,80,72,70,75,65,81,85,49,35,37,31,36,73,47,75,52,40,30,76,50,76,68,50,78
Gabe Vincent,69,SG,PG,6'3,200,65,70,77,79,77,49,63,25,44,43,26,26,32,79,70,70,63,39,81,66,67,67,57,44,57,36,58,58,60,55,48,39,30,36,43,99,74
Adam Mokoka,69,SG,SF,6'5,190,69,62,67,84,62,38,72,35,72,38,42,33,47,75,76,76,78,47,80,85,69,66,58,30,62,39,66,49,73,65,57,41,39,29,64,99,70
Jordan Nwora,69,SF,PF,6'8,225,70,75,80,45,81,50,69,60,65,44,50,49,47,60,49,47,72,60,82,70,43,57,52,31,54,52,52,54,56,50,42,53,50,60,67,40,76
Thanasis Antetokounmpo,69,SF,SG,6'6,216,65,58,63,75,64,49,66,39,81,75,30,33,39,70,74,72,78,41,77,75,66,58,52,41,55,41,57,43,58,39,67,49,39,51,40,99,72
Paul Reed,69,PF,C,6'9,220,70,70,66,50,74,35,64,80,70,37,52,50,47,70,49,47,65,57,80,70,41,52,48,32,44,69,43,66,52,58,64,78,40,74,69,50,74
Isaiah Joe,69,SG,SF,6'5,180,80,76,76,60,85,50,69,40,60,37,30,35,38,85,72,74,79,47,80,75,63,68,47,37,49,42,69,61,77,52,52,30,55,35,52,60,74
Keljin Blevins,68,SF,SG,6'6,200,65,69,68,60,74,30,68,45,65,35,49,40,45,69,72,72,79,68,85,65,69,71,66,37,65,60,69,70,72,68,50,60,50,52,56,30,70
C.J. Elleby,68,SF,SG,6'6,200,64,70,75,50,76,40,65,40,50,52,45,35,51,85,69,69,72,58,81,68,64,62,50,37,60,48,67,62,71,60,60,47,50,32,60,40,75
Ashton Hagans,68,PG,,6'3,190,68,67,68,45,79,35,73,25,65,65,40,28,29,80,87,87,79,35,80,65,86,75,68,69,68,33,67,65,76,69,69,35,55,31,40,30,75
Yuta Watanabe,68,PF,SF,6'8,205,67,59,59,74,72,39,63,39,58,44,44,39,42,75,64,64,71,58,77,85,63,66,58,42,63,56,61,63,68,58,37,52,49,36,66,99,72
Jalen Harris,68,SG,SF,6'5,195,74,78,81,50,82,45,73,25,45,49,50,25,40,80,87,87,93,62,80,65,83,60,60,57,60,30,49,52,71,48,33,29,30,27,38,30,78
Saben Lee,68,PG,,6'2,183,60,74,71,75,72,50,71,25,65,69,30,25,31,77,74,74,69,52,80,76,73,66,67,69,62,44,60,55,67,54,48,32,30,37,42,75,76
Naji Marshall,68,SF,PF,6'7,220,70,64,67,60,72,50,70,45,65,44,63,60,60,80,62,62,75,60,85,70,62,70,67,60,71,52,60,62,65,64,60,25,40,52,57,30,74
Greg Whittington,68,PF,,6'9,210,64,68,78,65,69,35,68,75,75,50,40,42,40,74,69,68,81,70,80,79,57,49,48,36,54,54,35,54,52,54,30,55,40,70,68,35,73
Markus Howard,68,PG,,5'11,175,68,79,82,50,85,65,70,25,45,40,25,25,40,85,88,88,81,45,80,70,86,81,68,52,67,25,45,47,65,45,35,40,25,28,37,40,75
Jarrell Brantley,68,PF,,6'5,250,65,71,71,74,76,33,69,67,67,45,57,51,57,70,66,65,69,60,72,60,56,63,52,45,57,58,49,49,59,49,52,46,35,59,62,70,75
Skylar Mays,68,SG,SF,6'4,205,71,70,74,52,85,45,70,35,45,57,37,37,52,80,70,70,74,42,92,65,67,74,67,60,69,42,68,69,75,60,60,30,50,50,41,40,75
Lamar Stevens,68,PF,SF,6'7,230,71,67,69,60,72,40,70,65,80,35,64,61,58,86,79,79,91,60,80,80,69,67,62,44,55,60,62,60,68,56,40,51,40,62,64,35,71
Devon Dotson,68,PG,,6'2,185,68,70,71,60,80,55,74,25,75,44,25,27,35,75,91,91,81,52,95,85,91,76,70,60,70,37,60,52,70,64,60,27,35,52,59,30,75
Mamadi Diatke,68,PF,C,6'9,228,69,69,66,65,73,25,62,75,75,40,52,50,44,80,83,80,78,60,80,80,44,37,42,31,47,66,45,69,59,52,43,70,45,66,68,25,72
Josh Hall,67,SF,PF,6'9,190,65,60,62,35,65,25,69,70,80,42,59,50,51,80,69,68,84,62,75,60,58,56,44,30,47,50,37,40,66,44,54,59,30,69,65,55,75
Ty-Shon Alexander,67,SG,PG,6'4,195,65,72,76,60,82,40,72,25,60,44,32,36,54,78,74,74,75,37,80,70,69,71,62,50,60,37,69,57,72,60,60,40,55,39,44,40,72
Mason Jones,67,SG,,6'5,215,66,74,75,60,81,50,70,25,65,64,40,44,40,78,64,64,57,46,80,70,64,71,62,54,60,54,69,64,74,62,54,52,45,32,41,30,72
Kenyon Martin Jr.,67,SF,PF,6'7,215,64,66,64,40,63,30,70,65,80,35,44,44,44,75,83,83,82,40,80,60,69,62,47,28,48,50,67,62,70,44,44,52,40,54,59,40,79
Nate Hinton,67,SG,,6'5,210,60,70,73,60,76,40,70,40,75,42,58,49,51,80,84,84,84,57,80,75,70,66,60,31,62,40,62,58,73,54,36,56,35,57,60,35,72
Karim Mane,67,PG,,6'5,190,62,60,68,40,68,30,69,40,80,40,42,35,51,80,90,90,81,63,80,85,87,69,66,54,58,37,64,58,76,68,65,60,40,44,48,45,75
Trent Forrest,67,PG,SG,6'4,210,72,52,63,97,80,25,70,40,60,42,62,59,62,95,82,82,75,59,80,80,78,76,70,60,68,58,60,60,70,55,60,57,40,59,62,50,72
Nate Darling,67,SG,,6'5,200,58,77,80,75,84,50,69,35,45,60,39,51,63,76,66,63,63,45,80,65,60,70,65,50,67,35,50,47,66,40,38,37,30,33,52,40,70
Nathan Knight,67,C,PF,6'10,253,70,70,66,60,75,35,67,70,65,48,60,60,60,60,67,65,55,75,80,70,32,47,55,30,62,65,37,65,43,50,37,69,40,74,70,40,71
Killian Tillie,67,C,PF,6'10,220,67,72,80,70,73,50,57,75,60,50,69,69,68,80,50,50,71,60,80,75,33,60,50,39,60,49,32,50,34,54,36,82,30,59,50,60,72
Sean McDermott,67,SF,SG,6'6,195,61,75,80,60,84,45,73,45,55,40,48,36,47,80,49,49,60,44,80,80,47,64,62,34,62,42,52,52,55,40,40,35,35,39,45,40,70
Jay Scrubb,67,SG,SF,6'6,210,60,68,73,50,75,50,71,45,80,37,51,40,44,78,74,74,82,55,80,70,69,70,57,44,52,44,60,57,74,64,54,35,40,36,66,50,76
Sam Merrill,67,SG,PG,6'5,205,60,76,81,60,89,50,64,30,45,50,48,30,44,80,62,62,60,44,80,60,60,69,69,66,67,42,60,52,64,62,46,35,45,38,47,40,72
Dakota Mathias,67,PG,SG,6'4,200,71,74,80,70,83,45,78,25,45,44,48,33,43,84,67,66,60,52,84,69,65,74,70,61,70,45,60,62,69,63,40,40,35,40,47,50,71
Brodric Thomas,66,SG,SF,6'5,185,69,73,76,60,80,50,69,45,75,40,45,34,42,85,70,70,81,44,80,72,63,69,57,33,60,54,70,68,77,54,49,65,35,42,52,25,71
