name,overallAttribute,closeShot,midRangeShot,threePointShot,freeThrow,shotIQ,offensiveConsistency,layup,standingDunk,drivingDunk,postHook,postFade,postControl,drawFoul,hands,interiorDefense,perimeterDefense,steal,block,lateralQuickness,helpDefenseIQ,passPerception,defensiveConsistency,speed,acceleration,strength,vertical,stamina,hustle,overallDurability,passAccuracy,ballHandle,speedWithBall,passIQ,passVision,offensiveRebound,defensiveRebound
A.J. Green,72,60,78,84,90,70,85,71,40,40,34,34,48,45,80,40,63,25,25,66,50,60,45,69,69,42,75,80,75,80,61,70,68,68,43,36,46
A.J. Lawson,72,70,68,75,55,70,70,68,45,75,52,52,55,42,75,48,60,83,25,67,60,65,50,74,74,34,80,85,80,80,62,69,69,64,28,57,66
AJ Griffin,74,95,82,79,89,60,45,80,60,85,51,52,52,40,80,69,70,30,25,77,69,60,50,84,84,64,87,90,85,80,69,71,79,69,29,34,50
Aaron Gordon,83,64,44,70,56,98,98,84,85,94,58,60,74,85,95,78,83,42,56,83,80,82,80,71,67,72,92,95,90,84,65,62,66,60,52,69,59
Aaron Holiday,73,86,73,85,84,85,75,70,25,60,25,45,32,47,80,34,68,41,37,75,67,69,45,76,77,49,56,85,85,84,82,86,76,82,53,33,48
Aaron Nesmith,79,88,71,87,64,95,90,77,35,55,53,57,57,78,85,67,69,66,62,68,72,57,60,68,68,52,74,87,85,81,69,70,64,65,30,43,52
Aaron Wiggins,75,80,70,83,74,98,90,80,35,45,38,40,39,60,76,35,59,46,42,73,47,40,45,84,84,45,72,80,65,80,64,70,75,68,36,60,61
Adam Flagler,67,77,77,79,81,65,50,70,40,45,42,44,40,32,85,42,57,45,30,64,52,50,40,72,70,47,70,84,75,87,66,69,70,62,40,32,37
Adama Sanogo,68,72,70,69,72,60,40,70,70,75,50,50,50,48,80,63,40,46,56,44,50,55,50,70,68,71,62,80,80,80,52,50,49,50,38,70,74
Admiral Schofield,70,70,72,76,86,55,45,70,45,65,62,62,59,47,80,59,66,36,51,74,60,57,45,59,59,65,78,85,80,80,59,73,59,62,38,53,49
Al Horford,80,86,80,81,71,75,45,65,70,65,76,84,83,37,84,82,68,36,78,67,85,78,85,53,48,91,69,95,85,78,79,50,33,84,58,56,78
Alec Burks,78,74,82,83,90,80,80,84,40,69,40,58,78,70,77,45,72,37,50,72,74,70,55,78,78,48,69,89,72,85,72,79,76,73,40,38,52
Aleksej Pokusevski,74,71,71,73,63,75,65,81,70,70,54,54,62,55,75,67,67,42,87,54,77,57,50,60,60,49,60,84,90,79,59,62,52,54,47,58,69
Alex Caruso,80,81,67,84,77,65,50,70,35,75,30,43,29,45,90,51,91,83,72,92,90,92,95,82,82,31,72,85,85,81,78,78,82,80,58,48,53
Alex Len,71,88,61,70,66,50,35,74,80,65,74,48,76,59,64,70,44,38,88,50,70,62,40,43,44,75,60,80,92,78,31,32,25,45,38,86,88
Alondes Williams,67,72,72,66,70,60,50,73,40,70,44,48,49,50,80,44,60,35,55,69,52,50,50,84,84,68,78,88,80,80,65,77,77,68,64,52,55
Alperen Sengun,86,97,92,72,67,80,90,82,70,80,87,87,87,74,95,69,63,49,62,64,69,85,65,52,52,80,69,88,90,80,74,62,48,78,73,67,79
Amari Bailey,69,70,79,75,70,60,50,74,39,65,44,52,47,44,75,42,60,46,40,72,54,50,50,84,84,46,71,85,69,80,70,79,82,68,57,34,47
Amen Thompson,77,88,67,68,66,40,45,89,60,95,44,48,44,50,90,46,80,83,45,88,73,80,70,95,95,50,99,95,80,80,80,86,95,80,75,54,73
Amir Coffey,73,78,69,75,78,70,70,84,25,40,38,53,54,69,81,47,64,32,25,69,68,64,50,75,75,52,75,80,70,79,72,75,75,74,31,40,46
Andre Drummond,78,78,47,47,60,40,30,73,95,85,70,45,75,40,80,77,52,87,77,52,74,70,70,60,58,95,79,89,85,81,52,45,49,70,30,97,98
Andre Jackson Jr.,73,70,68,75,70,50,60,70,40,85,43,44,44,37,87,53,80,42,25,80,80,81,80,87,87,50,84,90,80,80,69,69,74,64,40,65,50
Andrew Nembhard,77,94,94,75,79,85,85,80,39,60,44,52,47,54,75,68,80,59,30,81,78,75,75,76,76,46,71,85,69,80,80,79,74,80,72,42,41
Andrew Wiggins,77,92,71,74,61,60,50,77,40,85,65,74,77,60,85,55,74,32,52,80,70,67,65,82,82,57,97,87,90,83,62,79,80,60,33,62,50
Anfernee Simons,83,85,82,83,95,75,90,84,40,89,49,49,49,87,95,49,59,37,30,76,50,55,40,86,89,41,90,92,90,80,78,86,79,79,74,34,50
Anthony Black,75,84,71,77,57,90,65,83,35,75,48,52,52,44,85,43,75,42,56,78,68,72,65,75,75,58,75,92,90,80,80,86,74,77,43,42,52
Anthony Davis,94,97,72,70,82,90,95,85,90,88,83,86,86,90,95,94,80,46,91,78,93,90,95,79,78,92,86,97,98,78,60,75,67,72,60,78,87
Anthony Edwards,89,82,83,82,85,95,95,94,50,90,60,62,62,98,98,59,83,59,56,84,82,80,85,89,89,52,86,89,90,83,74,86,83,79,72,37,61
Anthony Gill,72,89,72,68,76,70,65,70,75,75,62,60,60,40,74,66,60,31,73,50,50,58,50,69,67,60,79,80,88,80,38,54,53,55,33,59,65
Ashton Hagans,67,68,67,68,79,45,35,73,25,65,28,29,40,65,80,33,67,69,35,76,65,69,55,87,87,35,79,80,65,80,68,75,86,68,69,31,40
Ausar Thompson,79,93,51,49,69,50,49,84,60,94,45,46,45,56,85,69,84,73,74,87,84,82,80,94,94,50,98,95,95,80,75,83,91,75,48,70,80
Austin Reaves,82,95,94,80,86,80,85,87,25,70,31,32,32,95,85,35,73,42,32,73,73,70,65,83,83,44,81,85,80,80,70,73,78,74,72,41,56
Ayo Dosunmu,76,83,89,81,71,70,85,84,25,75,35,50,42,59,87,38,69,49,55,78,68,69,65,76,76,52,75,85,75,80,72,79,73,79,45,40,47
Bam Adebayo,88,91,79,65,81,60,60,81,85,80,80,80,81,70,90,93,83,49,67,73,92,80,90,74,74,85,83,92,90,90,72,69,66,74,68,60,89
Ben Sheppard,70,67,78,80,70,60,50,68,35,60,48,49,47,49,80,54,64,64,52,74,60,65,50,84,84,54,75,85,75,80,70,73,74,70,49,40,52
Ben Simmons,76,76,46,50,44,70,30,80,83,86,76,73,78,50,75,79,82,45,62,81,81,75,80,87,87,80,85,97,80,83,79,86,83,80,73,67,88
Bennedict Mathurin,80,84,87,80,84,75,80,78,35,80,55,58,55,75,90,42,69,37,40,78,65,62,50,84,84,54,82,92,85,80,75,79,81,82,39,50,56
Bilal Coulibaly,76,82,69,82,63,80,35,74,60,85,50,50,50,50,80,67,80,46,62,85,73,72,65,82,82,63,85,92,80,80,68,69,64,62,36,41,60
Bismack Biyombo,73,88,62,25,36,60,50,60,80,68,48,45,54,69,75,82,50,32,82,55,85,54,70,48,48,80,63,79,95,83,25,35,25,74,42,78,78
Blake Wesley,73,67,67,75,59,70,60,74,40,86,54,57,50,59,80,49,71,59,40,74,60,63,50,78,78,40,84,92,75,80,69,83,77,68,67,33,54
Boban Marjanovic,72,91,70,63,74,75,55,50,95,60,69,60,76,70,40,73,30,42,51,35,65,73,65,25,25,71,40,70,45,65,60,35,25,35,36,80,87
Bobby Portis,82,92,81,82,81,75,90,74,75,70,80,80,82,74,85,78,40,43,57,50,75,65,65,65,64,80,64,85,90,84,55,52,59,52,32,65,81
Bogdan Bogdanovic,81,97,85,82,92,70,95,79,50,65,62,57,57,59,85,51,63,66,42,75,60,60,50,75,75,63,78,89,67,77,74,79,73,79,54,34,52
Bojan Bogdanovic,81,86,86,83,77,75,85,79,40,70,49,60,64,84,70,54,78,55,27,77,75,62,70,67,62,60,72,93,75,84,77,74,66,82,47,36,51
Bol Bol,76,95,72,70,76,80,75,69,85,70,70,68,70,62,75,72,52,37,85,58,64,49,40,68,68,65,69,80,50,77,50,70,60,40,37,80,86
Bones Hyland,75,89,75,81,84,75,80,84,25,60,30,32,32,85,85,30,66,46,25,72,64,63,55,87,87,32,68,88,85,80,74,79,84,75,65,30,41
Bradley Beal,86,97,92,82,71,80,90,89,30,84,55,55,54,95,92,45,66,36,55,75,75,65,40,76,83,62,87,98,78,82,82,88,76,85,70,39,53
Brandin Podziemski,77,83,63,84,65,85,80,75,35,60,54,55,55,60,85,45,63,59,40,69,62,72,45,82,82,54,78,89,85,80,69,80,81,68,68,58,69
Brandon Boston Jr.,72,66,70,78,76,75,85,79,30,80,30,30,30,44,78,49,62,53,25,72,52,50,30,79,79,50,80,80,75,83,64,76,75,66,45,60,50
Brandon Clarke,77,97,86,57,72,55,30,87,80,84,63,62,62,64,80,78,75,43,71,78,78,72,75,82,83,64,82,90,95,80,59,69,65,62,38,67,79
Brandon Ingram,85,97,94,80,80,80,95,90,65,80,64,70,70,84,98,61,69,40,55,72,75,68,40,74,74,42,77,95,80,85,75,85,70,79,73,35,58
Brandon Miller,80,80,83,82,80,85,90,80,55,87,40,64,47,53,80,50,73,37,55,82,67,68,65,78,78,51,85,95,80,80,75,86,78,75,40,39,52
Brandon Williams,71,77,77,71,82,65,50,77,25,50,27,46,50,75,90,33,62,53,55,65,57,52,45,79,79,62,68,89,75,81,75,79,77,79,71,40,49
Braxton Key,66,69,69,70,65,40,25,68,75,75,59,58,58,33,74,52,52,76,75,58,52,54,35,69,68,70,81,80,79,80,48,49,59,54,37,58,79
Brice Sensabaugh,71,80,83,81,83,60,50,74,35,60,57,59,57,41,95,50,55,43,56,67,55,54,35,65,65,64,70,88,70,79,65,74,62,63,42,40,50
Brook Lopez,82,83,94,77,81,85,90,60,80,65,80,80,80,60,95,94,45,37,94,60,94,78,95,25,25,89,60,92,90,79,35,35,25,78,30,52,54
Bruce Brown,80,94,88,74,80,98,85,80,30,70,28,34,42,65,95,58,77,46,40,77,79,75,65,78,78,75,80,92,80,84,79,79,76,87,42,37,62
Bruno Fernando,73,75,65,42,70,25,25,75,80,78,64,63,65,50,75,64,44,33,89,60,65,62,40,74,74,85,75,85,85,80,52,50,50,65,42,90,82
Bryce McGowens,71,75,74,81,73,75,50,74,40,80,42,42,42,55,78,37,66,35,37,75,65,60,65,74,74,48,81,85,75,80,52,74,72,50,34,36,50
Buddy Hield,79,92,60,88,82,65,85,75,25,65,28,45,48,59,94,48,69,42,57,74,54,60,50,75,78,41,78,90,60,82,70,79,74,70,44,41,52
C.J. McCollum,85,95,87,89,83,90,98,90,30,40,38,46,32,82,91,35,70,56,63,76,70,50,65,82,84,60,80,98,95,80,78,86,82,82,71,36,55
Cade Cunningham,84,88,89,80,88,80,98,85,40,75,60,62,60,88,98,59,75,41,45,80,75,76,75,83,83,62,80,94,90,80,67,86,83,84,79,32,55
Caleb Houstan,71,64,76,81,78,55,50,70,25,25,32,32,32,44,80,47,75,37,30,78,75,68,70,78,78,40,72,86,70,80,62,70,72,65,30,42,48
Caleb Martin,77,75,93,81,66,80,80,84,25,70,55,54,54,69,75,68,75,64,47,74,74,72,70,68,62,58,74,85,90,80,62,69,59,69,48,52,67
Cam Reddish,73,69,58,75,85,60,85,78,50,80,43,52,47,70,95,55,76,85,47,80,75,74,75,85,85,52,84,90,65,80,68,81,79,69,34,39,46
Cam Thomas,80,85,80,80,84,80,98,90,50,75,58,70,75,85,74,41,59,37,50,75,59,58,40,77,77,54,79,86,75,80,59,82,70,52,45,30,46
Cam Whitmore,75,79,76,75,70,60,50,83,40,85,57,59,59,58,79,57,67,87,51,76,57,58,50,84,84,68,84,88,80,80,68,86,84,69,29,43,65
Cameron Johnson,81,81,79,85,82,89,90,79,60,60,69,69,69,64,57,65,69,41,37,70,64,68,65,70,69,60,79,85,86,78,59,59,43,66,46,46,61
Cameron Payne,74,88,89,83,85,75,80,83,25,25,25,36,31,75,72,31,60,38,32,70,51,52,40,75,75,39,72,82,75,84,75,86,75,79,69,27,42
Caris LeVert,80,87,70,78,74,80,80,84,60,75,52,54,49,79,95,45,74,53,51,77,70,68,60,75,77,54,80,92,80,78,75,86,72,84,70,34,53
Cason Wallace,76,93,84,84,76,75,70,82,25,70,31,37,37,50,95,48,81,42,57,87,75,84,70,75,75,55,72,90,85,80,75,78,75,75,36,38,44
Cedi Osman,74,91,72,80,67,80,65,86,46,61,38,58,51,52,75,65,76,40,42,76,70,65,65,71,70,59,70,85,85,75,75,75,69,70,58,35,56
Charles Bassey,75,83,69,62,60,50,35,70,75,75,50,50,50,40,70,69,57,53,88,64,68,50,60,77,77,69,82,80,95,80,35,42,54,48,56,79,90
Charles Brown Jr.,68,75,76,79,82,55,45,79,40,45,30,45,38,42,70,40,65,51,60,67,63,40,35,73,73,55,75,80,45,83,62,77,70,60,29,67,52
Chet Holmgren,86,97,84,83,87,90,85,79,75,75,69,68,68,85,95,85,59,38,95,69,88,78,85,75,75,45,75,87,90,80,60,65,67,59,46,73,80
Chris Boucher,75,75,71,79,78,65,40,74,85,80,72,64,72,50,85,76,37,38,72,42,78,50,60,57,55,80,74,89,80,77,33,41,25,59,28,67,81
Chris Duarte,73,69,60,78,79,70,40,79,40,70,44,46,46,69,95,50,69,59,35,68,68,69,65,65,65,59,63,92,92,80,77,75,60,78,37,38,57
Chris Livingston,69,76,68,70,72,60,35,76,50,80,39,44,40,37,79,52,64,47,48,74,52,62,40,80,80,54,83,85,65,80,65,69,68,52,34,52,51
Chris Paul,82,97,73,79,91,60,70,86,25,27,40,55,70,50,85,61,83,70,32,83,80,75,80,80,80,62,75,80,75,77,90,90,80,90,83,31,60
Christian Braun,76,62,60,82,76,75,70,79,25,80,25,55,36,45,72,40,79,37,56,82,78,80,80,83,83,46,83,93,90,80,69,69,74,68,42,45,65
Christian Wood,76,84,72,73,77,50,65,87,90,85,81,79,81,65,95,60,60,31,71,62,74,62,50,56,59,74,66,93,85,83,30,60,44,40,33,52,88
Chuma Okeke,74,70,69,76,76,90,50,70,45,50,48,52,53,40,70,63,80,35,61,81,77,85,45,70,70,60,74,80,80,80,65,69,65,66,38,49,75
Clint Capela,81,88,50,25,64,70,50,70,95,80,71,48,69,74,70,84,53,40,86,60,86,74,80,58,57,85,80,92,97,83,34,48,30,35,31,96,85
Coby White,81,81,74,84,82,92,95,84,30,65,34,45,49,72,80,49,64,37,42,73,66,64,55,85,85,56,81,90,85,80,77,86,84,84,70,32,58
Cody Martin,75,72,60,82,73,80,70,85,25,75,59,59,55,79,75,48,69,88,60,72,69,69,60,58,58,58,75,90,90,80,74,73,57,78,42,56,58
Cody Zeller,73,80,70,38,69,60,60,65,75,75,67,65,67,65,79,60,37,36,47,54,76,60,55,70,40,75,80,89,95,84,68,40,31,64,58,79,77
Colby Jones,71,87,68,69,67,75,60,75,25,75,38,40,39,44,75,49,71,70,37,75,54,47,50,74,74,48,72,90,85,80,67,68,68,70,58,45,52
Cole Anthony,81,97,71,80,84,90,95,84,40,85,49,58,44,82,98,45,69,42,55,74,55,52,45,84,84,59,77,88,85,98,82,84,84,82,70,48,65
Cole Swider,67,70,72,79,80,50,40,65,55,60,52,55,55,40,70,75,42,37,35,50,75,50,55,52,52,54,63,85,65,80,55,42,47,59,38,44,51
Colin Castleton,67,73,64,40,73,50,40,64,65,65,60,61,62,38,80,62,32,32,70,34,62,54,50,58,54,63,63,80,75,80,50,57,33,60,38,64,65
Collin Gillespie,68,74,75,80,87,50,50,74,40,54,31,46,40,37,95,33,62,38,56,74,60,58,55,82,82,33,72,85,80,80,79,77,82,75,57,35,53
Collin Sexton,83,82,83,81,88,95,95,80,30,75,25,38,28,75,90,45,67,42,40,76,67,69,50,88,88,58,84,95,90,81,75,86,87,75,72,45,46
Corey Kispert,77,94,82,83,75,70,70,73,40,60,38,39,39,45,85,54,70,33,45,74,69,67,65,76,76,60,69,84,80,80,66,71,66,69,37,33,46
Craig Porter,75,92,75,78,69,75,65,79,30,50,44,48,49,60,85,44,68,63,67,74,60,63,60,79,79,48,72,88,90,80,75,73,79,75,74,44,62
Daishen Nix,70,74,60,72,67,65,70,75,40,75,35,51,42,40,80,37,60,46,42,73,52,58,40,90,90,63,75,80,85,80,72,75,87,74,68,35,49
Dalano Banton,73,66,82,67,71,70,80,79,30,65,30,45,48,79,80,40,68,70,82,72,60,62,60,76,76,66,75,80,75,80,78,76,72,79,68,46,63
Dalen Terry,73,77,72,74,67,70,65,77,25,80,40,46,42,54,85,43,69,76,62,75,69,70,65,76,76,58,69,85,85,80,76,80,74,78,64,39,66
Damian Jones,72,85,78,67,76,50,30,70,85,75,52,40,60,35,84,76,40,35,79,42,80,40,65,63,55,80,92,80,80,78,34,35,38,48,29,69,69
Damian Lillard,92,84,86,85,92,95,98,96,25,85,30,38,42,96,98,31,69,42,35,76,72,77,60,87,87,63,89,97,95,98,92,95,86,93,73,34,52
Damion Lee,75,78,76,85,90,95,85,79,40,65,44,48,51,69,78,57,60,37,35,74,60,66,35,68,68,55,75,80,70,79,62,70,66,57,37,38,61
Daniel Gafford,79,97,65,29,69,70,60,82,85,75,69,67,70,75,70,70,57,46,90,59,76,50,65,75,70,73,80,80,89,80,37,35,44,37,36,76,78
Daniel Theis,75,83,80,73,70,65,30,70,79,78,74,54,73,35,85,79,53,38,81,54,83,57,80,57,67,82,75,90,87,65,69,49,42,54,31,71,58
Dante Exum,79,93,70,83,70,90,75,75,25,60,28,55,40,63,85,27,76,43,42,76,76,74,75,79,82,48,77,80,85,83,75,75,79,77,70,41,57
Dario Saric,78,93,52,82,83,70,85,82,45,70,81,79,81,60,92,70,49,42,42,61,74,50,65,63,69,65,60,82,86,81,75,69,57,84,61,65,81
Dariq Whitehead,71,77,76,79,79,60,40,70,50,80,44,51,47,37,80,40,65,64,52,74,67,67,45,79,79,52,82,90,70,77,67,78,76,66,44,37,48
Darius Garland,86,96,92,82,84,85,90,90,25,40,32,37,42,74,90,31,69,70,37,78,69,66,50,88,88,40,84,95,95,80,92,89,88,95,73,35,41
David Duke Jr.,70,68,73,69,79,70,75,70,40,60,30,40,39,70,70,40,60,63,35,70,55,37,35,83,83,55,72,80,45,83,62,73,78,60,50,52,46
David Roddy,74,64,70,71,71,70,80,77,50,60,62,62,62,59,81,64,65,40,51,70,69,62,55,75,74,73,66,88,85,80,62,66,54,60,35,45,62
Davion Mitchell,73,80,83,70,81,40,30,70,25,40,30,30,30,30,95,44,87,35,37,88,88,85,90,82,82,60,70,90,95,80,78,86,82,78,68,29,43
Davis Bertans,72,70,70,83,88,70,60,69,65,65,43,66,52,60,88,64,40,38,55,63,69,58,50,57,55,64,52,80,80,68,38,72,47,45,32,36,50
Dayâ€™Ron Sharpe,76,78,49,29,61,80,50,73,75,70,48,35,48,44,80,69,60,42,84,60,69,55,60,61,61,79,73,80,90,80,62,58,38,66,50,92,90
DeAndre Jordan,76,74,25,25,36,85,25,57,75,75,35,37,35,44,90,70,57,40,72,62,67,55,55,65,53,85,83,92,80,94,25,30,33,66,40,92,89
DeMar DeRozan,85,91,93,78,82,70,85,88,55,80,65,78,87,83,85,50,70,43,60,76,70,59,65,82,82,73,88,88,80,91,73,83,80,75,71,33,49
Dean Wade,74,78,70,83,65,80,70,60,80,75,60,60,64,44,70,50,67,56,51,68,70,68,60,62,62,60,83,80,85,79,38,60,43,55,30,51,71
Deandre Ayton,81,94,89,69,80,50,60,75,90,75,85,75,85,62,82,78,49,53,58,61,78,69,65,75,65,85,82,90,76,81,53,61,55,70,34,77,89
Dejounte Murray,86,95,95,82,86,90,95,92,40,75,40,48,49,84,95,53,85,56,45,85,85,85,85,83,83,40,60,90,90,80,85,88,83,84,70,36,56
Delon Wright,75,73,66,77,85,60,40,76,25,60,25,46,27,65,85,49,84,95,50,84,84,80,80,73,73,58,69,90,85,84,86,86,72,85,72,34,60
Deni Avdija,79,89,74,79,84,70,80,79,40,75,57,54,59,59,85,62,80,49,50,79,78,77,80,73,73,65,79,89,85,84,79,78,69,79,69,47,75
Dennis Schroder,80,82,92,78,87,85,80,80,25,45,25,38,27,62,85,34,73,42,35,74,72,67,60,84,88,46,74,93,90,80,82,86,84,80,74,33,45
Dennis Smith Jr.,75,65,56,71,79,70,75,76,25,85,30,31,38,69,80,25,66,76,45,77,65,75,45,86,87,54,91,88,45,80,76,86,85,75,74,48,58
Dereck Lively II,80,94,60,52,59,95,75,82,85,83,59,54,59,55,90,75,57,40,85,57,70,54,55,50,50,70,67,80,95,80,69,52,40,68,33,83,81
Dereon Seabron,67,65,66,60,69,50,40,74,40,80,44,47,50,40,98,49,71,42,45,70,57,44,50,83,85,68,85,89,70,83,64,68,74,60,44,33,50
Derrick Jones Jr.,77,93,68,78,74,80,70,79,85,94,50,52,52,66,90,60,59,53,72,71,60,68,30,77,76,59,93,83,90,78,65,68,61,54,30,53,51
Derrick Rose,76,73,88,74,91,65,90,86,25,45,55,55,55,65,85,50,67,40,42,75,66,64,40,86,86,50,89,85,95,69,83,86,86,88,74,37,48
Derrick White,85,92,86,85,89,85,85,79,40,55,35,51,35,83,90,58,90,59,74,91,92,78,95,88,88,46,75,85,95,81,88,86,87,82,71,36,51
Desmond Bane,85,85,94,88,86,70,95,90,35,75,49,61,56,83,84,59,80,43,55,80,78,78,80,74,74,56,78,92,85,78,80,82,70,80,74,40,54
Devin Booker,94,93,94,87,91,90,98,96,30,75,74,79,85,97,98,58,77,40,50,75,74,75,70,83,80,59,79,95,95,81,95,93,83,96,87,51,60
Devin Vassell,82,95,91,82,79,80,95,79,40,60,51,65,65,70,95,62,83,56,40,83,81,85,80,72,72,60,77,89,85,82,76,82,65,79,61,32,51
Devonteâ€™ Graham,75,74,76,79,75,75,90,80,25,60,30,32,36,66,95,30,70,46,51,76,65,68,55,82,82,34,79,95,85,83,82,86,82,83,68,33,46
Deâ€™Aaron Fox,89,94,88,82,73,90,98,97,25,80,25,30,27,94,90,34,79,66,50,85,77,77,70,97,97,46,84,96,90,80,85,88,97,88,83,40,52
Deâ€™Andre Hunter,80,89,77,84,91,70,85,74,65,70,51,52,51,65,90,63,83,41,51,83,80,60,80,76,78,65,75,90,80,80,67,70,69,64,31,36,57
Deâ€™Anthony Melton,78,77,65,81,81,80,75,80,25,70,25,58,48,59,95,48,84,86,53,70,84,89,85,76,76,44,75,80,85,83,78,83,74,75,58,40,55
Dillon Brooks,80,79,87,84,84,70,60,74,35,75,55,59,64,78,85,67,91,43,27,91,90,90,90,75,75,65,75,88,95,85,59,74,69,58,35,37,48
Domantas Sabonis,88,98,78,78,67,98,95,80,70,75,88,87,88,82,95,70,49,38,53,49,69,45,60,48,44,82,54,92,95,86,82,60,43,80,77,72,93
Dominick Barlow,72,73,68,72,72,75,70,65,60,75,52,50,52,35,75,50,47,70,77,57,57,49,40,68,68,62,75,80,85,80,51,69,64,52,39,79,69
Donovan Mitchell,92,88,96,85,88,90,98,97,50,92,37,49,44,89,98,68,75,79,51,86,79,79,75,95,90,60,97,96,95,80,84,90,86,92,73,41,58
Donte DiVincenzo,80,86,74,87,72,85,85,75,25,75,28,45,38,44,70,58,82,80,52,84,84,88,80,87,87,60,95,90,85,81,77,79,81,74,50,44,54
Dorian Finney-Smith,77,68,71,84,76,90,80,80,40,84,54,50,54,58,72,72,83,41,56,82,74,74,75,67,67,62,83,80,80,81,65,60,44,68,31,60,52
Doug McDermott,73,85,70,87,76,70,70,79,50,65,60,66,62,60,75,52,58,36,35,60,63,50,40,59,53,60,67,81,67,83,65,67,47,65,44,29,40
Draymond Green,83,87,70,76,83,65,55,70,55,65,60,59,63,40,85,93,86,35,66,82,93,84,95,73,74,85,66,85,90,88,83,78,69,92,77,56,69
Drew  Peterson,68,70,74,79,75,50,50,73,60,65,45,47,46,45,70,52,43,40,42,50,45,50,40,59,58,62,68,85,85,80,69,68,58,68,48,58,59
Drew Eubanks,75,94,73,54,86,98,85,69,75,70,74,74,74,54,75,60,47,37,84,59,59,50,45,61,62,68,75,80,85,83,42,37,38,55,36,71,74
Dru Smith,71,57,74,76,84,75,70,79,40,45,38,37,40,40,80,40,63,88,62,69,65,68,50,70,70,43,62,85,75,80,74,76,70,74,58,51,42
Duane Washington Jr.,71,82,80,80,67,84,75,78,45,40,29,32,44,55,80,47,62,33,47,70,65,55,40,79,79,42,72,80,65,80,66,74,76,68,72,27,49
Duncan Robinson,78,89,81,87,80,95,75,75,30,70,40,44,35,64,90,50,52,36,40,65,50,50,30,59,59,35,72,85,75,83,66,72,56,70,62,30,48
Duop Reath,75,72,68,80,80,85,80,68,50,60,55,55,55,60,74,62,37,49,62,47,68,50,45,59,52,73,75,83,90,80,40,52,46,44,40,66,67
Dwight Powell,77,92,65,78,81,50,95,70,75,65,77,79,79,83,90,74,45,43,60,58,68,74,65,71,48,80,67,90,95,83,55,60,44,64,47,77,62
Dylan Windler,71,77,77,77,80,70,75,72,35,50,32,44,44,35,80,42,65,43,40,65,57,60,45,68,69,55,75,80,80,80,62,72,67,60,40,51,66
Dyson Daniels,75,93,72,71,67,75,65,81,25,75,44,55,47,44,85,57,79,93,55,80,78,78,75,79,84,52,75,89,85,80,82,86,79,82,60,47,61
Dâ€™Angelo Russell,82,83,83,84,77,70,95,88,25,45,35,55,60,88,81,40,65,41,55,67,68,70,45,81,81,54,71,93,65,83,87,90,81,88,75,30,48
E.J. Liddell,70,80,79,76,76,40,45,75,55,60,66,71,68,37,85,65,54,44,79,60,62,54,50,73,73,65,89,80,65,80,59,60,59,58,49,59,66
Emoni Bates,69,77,80,80,78,50,50,74,45,65,40,42,42,47,75,43,53,40,30,63,52,40,30,69,69,42,73,85,50,80,55,77,68,52,33,46,52
Eric Gordon,75,78,82,82,79,65,65,79,30,70,35,63,50,60,94,42,73,43,56,75,73,68,50,79,79,60,82,92,85,78,69,79,78,73,42,30,40
Eugene Omoruyi,71,60,68,69,72,95,80,70,40,65,57,57,57,45,69,54,73,63,35,76,68,40,65,70,70,52,75,80,65,80,65,70,63,62,32,60,54
Evan Fournier,73,85,83,74,86,60,70,84,25,50,30,45,36,66,85,38,69,49,40,69,70,72,65,71,70,40,63,95,80,86,75,82,65,82,41,30,52
Evan Mobley,86,76,81,66,77,60,90,84,85,80,79,72,79,70,95,94,80,40,82,78,94,85,95,72,72,74,81,94,90,80,69,60,66,84,50,67,86
Frank Ntilikina,72,80,87,66,67,60,40,65,30,45,32,48,40,39,85,35,82,41,50,82,80,70,70,80,82,47,70,81,80,80,77,86,80,77,49,31,51
Franz Wagner,84,88,75,75,84,98,98,90,55,80,57,59,59,75,76,56,73,49,50,73,74,73,70,70,70,65,75,85,80,80,80,79,68,84,67,42,67
Fred VanVleet,84,63,91,83,86,95,85,74,25,35,30,32,28,80,98,27,83,42,55,83,79,74,80,83,83,42,75,95,94,82,89,86,83,92,77,29,50
GG Jackson,72,81,79,79,68,60,70,74,65,85,49,49,49,44,85,58,58,41,60,68,55,69,40,82,79,62,82,88,60,80,59,62,75,50,40,52,56
Gabe Vincent,76,91,95,77,87,80,75,76,25,45,26,32,26,49,80,37,60,76,25,65,60,57,45,73,73,40,66,85,69,82,78,80,70,79,53,35,29
Garrett Temple,70,82,55,74,79,70,40,70,25,30,37,55,46,40,85,46,78,75,51,76,77,74,70,57,57,44,69,85,79,82,75,75,57,74,41,42,46
Garrison Mathews,71,74,80,84,91,60,75,79,45,55,36,47,48,54,95,42,59,40,50,60,58,52,45,50,50,44,65,89,88,79,71,76,47,82,29,35,45
Gary Harris,75,92,70,77,79,70,60,84,40,50,28,51,47,60,85,68,82,53,42,80,80,55,80,75,75,53,78,85,80,83,75,76,70,75,42,36,40
Gary Payton II,76,93,70,77,66,50,60,79,35,75,30,42,42,75,89,79,83,96,55,83,76,91,95,81,81,48,85,85,80,83,75,78,81,72,34,57,58
Gary Trent Jr.,77,72,78,82,59,80,80,84,40,75,44,57,46,84,73,50,61,46,35,74,60,64,35,85,85,58,90,80,70,82,70,79,77,71,36,30,47
Georges Niang,76,86,74,83,88,80,80,77,25,50,70,71,70,40,74,60,55,33,42,55,62,60,40,44,46,60,72,88,80,84,65,67,44,70,33,34,67
Giannis Antetokounmpo,97,96,69,64,67,85,98,98,85,91,79,74,87,97,95,90,90,59,80,90,92,88,95,89,87,94,85,98,95,91,84,87,80,95,73,67,90
Goga Bitadze,77,77,62,71,71,80,70,60,75,65,72,67,74,40,85,64,25,43,92,30,80,40,55,53,54,80,63,80,75,80,54,60,52,69,43,85,78
Gordon Hayward,79,82,79,80,77,70,85,85,40,75,40,65,58,65,91,56,73,49,52,76,73,58,65,80,77,63,75,88,80,78,74,77,77,79,70,41,60
Gradey Dick,70,75,78,68,85,50,55,75,35,75,36,47,40,44,80,55,73,36,25,74,69,73,50,73,72,54,78,89,85,80,70,77,70,68,35,41,43
Grant Williams,76,71,72,82,77,80,70,79,50,60,59,58,66,60,90,68,58,35,61,70,69,60,65,58,60,73,66,88,90,80,69,66,54,72,33,45,51
Grayson Allen,78,85,70,89,91,80,80,85,25,70,31,43,42,69,78,35,72,42,56,74,70,74,45,84,78,44,81,85,80,82,70,78,79,78,45,40,52
Greg Brown,71,66,65,68,70,50,30,66,75,80,52,49,52,40,68,62,62,59,76,65,60,53,45,78,78,40,98,80,80,83,45,68,65,35,35,56,68
Gui Santos,68,73,69,71,65,50,40,72,50,65,52,53,57,45,69,66,69,58,52,69,70,57,50,73,72,50,74,80,60,86,57,62,69,55,33,53,58
Harrison Barnes,77,90,81,84,83,70,75,84,55,80,48,65,83,40,88,67,75,38,37,75,65,65,60,77,72,70,95,92,75,82,72,78,73,75,31,41,45
Haywood Highsmith,74,82,70,78,76,90,75,68,35,50,52,54,52,44,80,60,79,82,67,81,78,77,75,70,70,50,79,80,65,86,55,70,64,55,37,47,52
Henri Drell,67,71,72,72,70,50,40,68,50,60,48,48,48,45,69,45,61,38,42,61,54,52,35,63,57,40,65,80,60,86,52,67,60,58,33,54,59
Herbert Jones,80,74,60,81,86,90,85,79,55,75,62,62,62,55,85,62,88,80,72,87,84,83,85,74,74,59,72,82,85,80,69,75,69,75,43,47,48
Hunter Tyson,70,72,76,77,80,70,50,70,60,75,49,49,49,50,70,58,62,57,55,68,58,54,40,68,68,52,77,88,75,80,65,68,60,65,48,55,57
Ibou Badji,67,60,37,37,68,40,30,55,80,75,59,40,55,30,75,70,37,25,89,51,71,54,55,66,66,70,81,85,80,84,58,37,32,55,30,83,71
Immanuel Quickley,81,95,76,83,89,80,90,86,40,55,50,51,45,86,98,37,80,38,35,80,78,64,75,82,82,54,79,89,85,79,84,86,76,84,66,29,54
Isaac Okoro,76,90,60,79,67,60,40,80,45,75,47,49,50,50,95,68,84,46,53,85,80,82,85,77,77,67,80,89,80,82,69,72,73,69,41,55,46
Isaiah Hartenstein,79,81,70,55,67,95,80,77,75,65,56,57,59,72,75,60,41,70,81,50,65,54,40,62,62,62,70,80,95,77,50,56,42,60,39,90,77
Isaiah Jackson,77,82,69,59,71,65,60,79,85,80,59,48,55,56,80,70,54,53,90,64,66,49,55,73,73,65,81,82,80,80,40,59,54,44,35,82,82
Isaiah Joe,78,81,83,85,84,85,95,81,40,60,35,38,30,85,85,42,69,46,56,77,61,52,55,72,74,47,79,80,75,87,67,74,63,69,33,31,52
Isaiah Livers,73,78,86,72,82,95,75,76,25,65,26,32,35,44,80,37,65,42,40,74,60,60,55,73,73,55,71,85,66,82,68,70,70,65,32,40,46
Isaiah Mobley,70,68,70,69,68,65,55,60,60,71,58,57,58,58,90,61,44,41,69,49,55,44,45,58,58,62,69,87,65,80,68,49,44,75,54,60,81
Isaiah Stewart,76,91,76,80,79,65,60,76,75,70,75,64,80,70,79,70,54,30,56,60,72,42,50,63,62,80,70,89,87,77,44,34,52,50,34,57,75
Isaiah Wong,68,76,76,75,82,60,50,74,25,45,26,32,26,59,80,37,60,53,32,67,60,57,45,79,76,40,80,85,69,80,67,76,74,67,53,33,44
Ish Smith,72,90,79,79,55,65,50,75,25,30,25,32,25,62,81,25,74,37,35,77,64,52,50,87,87,32,70,80,78,83,86,86,87,85,73,35,49
Ivica Zubac,82,98,74,26,70,80,85,79,80,75,81,54,88,75,82,77,34,30,82,45,75,40,45,26,25,80,75,80,90,80,70,35,26,47,32,89,87
J.T. Thor,71,86,70,74,70,55,60,70,55,70,67,66,68,41,75,65,63,33,62,64,62,62,50,84,84,50,82,85,80,80,65,60,69,66,28,51,59
JD Davison,69,70,73,71,73,50,50,72,25,85,30,31,38,40,80,25,56,69,61,77,55,54,45,85,85,54,84,88,45,80,72,86,84,75,72,36,55
Ja Morant,93,91,90,75,76,90,98,97,25,97,54,54,54,95,98,49,72,60,55,83,79,78,75,95,95,52,97,97,98,80,96,96,95,95,90,41,66
JaVale McGee,75,89,64,55,55,45,40,64,95,85,78,58,64,65,37,79,47,41,88,53,84,67,65,65,47,81,69,72,75,80,25,35,26,48,36,79,87
Jabari Smith Jr.,80,97,80,83,74,80,80,75,65,85,69,69,69,54,85,70,69,36,65,72,67,67,55,76,76,60,75,89,70,80,65,75,69,66,33,57,84
Jabari Walker,77,87,69,72,77,75,85,79,45,75,67,68,68,65,80,68,68,53,60,73,67,65,60,75,75,46,79,80,70,80,52,60,71,54,32,70,83
Jacob Gilyard,72,60,72,83,87,70,45,70,25,25,28,28,25,57,78,30,68,49,40,80,60,60,60,88,88,32,80,85,80,80,84,86,88,82,73,35,37
Jacob Toppin,67,70,69,69,67,50,35,68,65,80,44,48,58,40,69,67,65,38,51,54,68,60,60,68,68,62,82,85,75,80,50,68,64,50,44,47,62
Jaden Hardy,74,73,67,78,67,80,85,80,40,80,47,49,49,66,85,34,55,40,35,76,50,51,50,83,83,39,85,84,85,80,75,83,76,75,60,36,57
Jaden Ivey,80,80,80,74,79,85,90,88,30,85,44,42,44,82,90,59,71,42,56,82,70,69,65,91,91,54,85,92,85,80,84,86,91,84,66,50,51
Jaden McDaniels,79,95,83,80,74,65,50,74,40,75,52,56,54,52,85,83,88,42,61,88,88,88,90,79,78,60,80,85,85,90,44,78,70,40,32,37,40
Jaden Springer,70,64,73,77,81,50,60,74,25,50,28,45,32,55,80,44,74,80,75,80,72,67,70,82,82,49,72,85,70,80,75,81,82,75,49,67,41
Jae Crowder,76,92,86,86,68,65,45,77,70,60,63,65,70,47,85,70,78,42,50,79,80,90,75,68,69,82,73,93,93,89,65,75,66,83,34,34,60
Jaeâ€™Sean Tate,74,88,70,73,73,50,80,84,65,75,69,68,69,64,85,70,70,74,47,70,68,69,65,69,69,65,75,89,95,80,70,74,62,72,34,54,63
Jaime Jaquez Jr.,81,91,89,80,86,85,90,74,55,70,60,64,63,45,80,68,72,53,47,75,75,72,75,67,67,68,82,88,90,80,70,73,64,74,52,48,48
Jake LaRavia,72,72,72,70,78,70,65,73,60,75,45,47,46,61,70,69,43,42,47,69,66,58,40,59,59,62,72,88,85,80,69,68,57,68,32,49,53
Jakob Poeltl,81,96,59,45,51,80,80,63,75,60,77,60,86,69,85,81,45,40,82,34,79,67,80,51,37,80,57,80,90,80,69,38,31,62,50,76,84
Jalen Brunson,90,92,97,88,79,98,98,92,40,35,50,56,50,92,98,55,70,42,37,78,65,55,75,82,82,60,69,93,92,81,87,90,81,95,84,35,50
Jalen Duren,83,95,57,35,57,75,85,79,80,80,75,62,77,79,80,72,62,33,77,67,72,66,60,73,73,81,84,89,90,80,59,59,59,50,47,85,92
Jalen Green,80,75,74,76,80,60,80,89,40,91,56,56,56,89,95,45,73,36,50,77,70,68,60,88,88,55,92,88,85,80,77,86,84,79,61,31,63
Jalen Hood-Schifino,72,73,83,70,77,70,60,74,35,65,49,49,52,44,90,52,74,40,45,78,60,59,55,79,79,48,72,85,85,80,78,82,79,77,68,31,49
Jalen Johnson,80,96,78,79,76,80,80,88,75,83,66,74,69,68,80,66,66,49,62,73,60,57,40,76,76,68,82,85,80,80,68,58,74,69,47,47,86
Jalen McDaniels,73,76,80,70,84,75,75,76,60,65,62,68,59,52,68,59,55,41,52,60,55,50,35,73,73,60,73,80,80,80,55,69,69,59,35,35,53
Jalen Pickett,70,76,68,75,76,75,60,75,25,60,55,58,58,50,81,47,62,47,48,69,62,65,45,72,72,59,67,88,70,79,72,75,72,74,67,52,60
Jalen Slawson,68,73,71,72,77,50,40,70,65,80,45,48,49,49,70,65,59,56,67,66,65,67,60,68,67,62,72,85,64,83,58,66,65,49,52,42,59
Jalen Smith,77,93,69,74,74,70,65,69,85,80,68,66,67,47,80,70,48,33,56,62,73,44,55,69,68,65,86,82,75,80,29,38,49,40,35,67,87
Jalen Suggs,79,75,76,83,83,85,80,75,40,80,39,38,74,50,84,35,76,83,62,83,75,75,75,88,88,59,90,88,85,80,78,86,88,78,53,38,53
Jalen Williams,83,90,80,87,83,98,90,87,25,80,47,50,50,75,87,55,77,43,55,77,77,78,75,87,87,50,83,90,80,80,78,82,83,78,65,31,53
Jalen Wilson,70,68,72,72,79,85,50,68,30,75,35,34,30,50,90,35,57,42,47,66,50,52,40,82,79,30,75,80,84,80,64,68,73,63,45,78,57
Jamal Cain,71,78,59,70,77,75,65,80,65,70,59,55,57,40,75,60,68,73,57,68,55,50,50,66,66,60,75,80,70,83,44,53,60,49,27,57,48
Jamal Murray,88,90,90,86,92,90,98,90,30,82,38,46,74,78,84,35,77,46,60,77,74,70,70,80,80,54,80,95,85,78,84,89,79,85,76,36,55
James Harden,87,78,90,86,87,70,85,92,35,84,60,74,69,94,98,62,70,56,63,75,63,82,65,85,85,71,87,98,97,95,82,97,85,94,78,31,60
James Johnson,70,77,60,68,63,40,40,72,60,75,59,63,73,45,95,74,74,63,72,74,75,80,65,67,55,80,72,84,94,83,70,74,60,70,48,46,69
James Wiseman,76,95,67,67,70,65,40,71,80,75,72,64,71,50,85,74,50,31,78,63,78,54,65,70,70,70,68,87,85,87,54,66,54,64,31,77,80
Jarace Walker,76,80,72,75,66,65,65,80,80,87,57,58,58,40,80,70,67,77,80,70,65,62,65,81,81,80,90,90,85,80,69,62,70,68,47,74,66
Jared Butler,70,86,65,74,82,70,70,74,25,65,28,41,37,60,95,30,60,70,60,74,55,47,50,80,80,50,78,83,80,80,69,82,80,68,75,33,54
Jared Rhoden,69,56,73,74,80,50,40,70,65,70,42,44,37,44,75,47,68,37,35,72,62,65,55,68,68,62,70,80,80,82,55,69,63,54,27,55,63
Jaren Jackson Jr.,86,91,89,79,84,75,95,82,85,80,85,83,86,60,80,96,71,41,90,76,95,71,95,63,65,82,75,90,80,94,45,60,33,50,37,54,65
Jarred Vanderbilt,78,85,69,60,69,75,80,75,75,75,40,32,50,50,85,80,80,63,47,77,82,88,80,75,76,70,80,75,95,78,60,65,65,38,32,65,73
Jarrett Allen,86,98,71,63,70,80,85,79,85,80,82,63,82,74,95,88,41,42,67,53,88,67,85,75,72,84,79,92,80,82,25,35,35,48,57,85,84
Jason Preston,70,71,70,75,62,60,70,70,40,45,58,57,57,33,80,40,64,35,25,73,65,68,55,82,82,52,75,85,85,80,84,75,80,84,75,34,69
Javon Freeman-Liberty,68,71,74,78,76,60,50,70,25,65,44,40,40,64,78,44,63,40,25,66,50,45,45,75,75,56,72,85,70,80,70,76,69,70,54,34,53
Jaxson Hayes,74,96,68,60,56,70,70,71,85,80,68,54,65,52,90,78,48,36,68,64,79,45,65,58,60,72,75,80,95,80,29,38,41,40,29,52,61
Jay Huff,67,77,72,77,77,50,40,64,65,60,62,62,62,38,80,62,32,32,69,34,62,54,50,48,47,62,62,80,85,77,50,43,33,60,38,64,68
Jaylen Brown,89,90,97,81,72,80,98,94,40,89,67,69,80,93,95,70,87,49,56,87,86,87,85,79,79,69,84,95,95,82,78,86,76,84,64,40,56
Jaylen Clark,68,68,60,70,69,60,25,72,50,70,40,38,44,40,72,52,81,78,50,86,77,70,70,79,78,55,77,85,94,79,50,66,76,50,39,51,50
Jaylin Williams,74,66,76,77,70,85,65,69,70,70,68,61,68,65,75,74,45,42,56,57,72,65,70,50,50,60,62,78,85,80,62,59,38,69,55,47,86
Jayson Tatum,94,92,96,87,79,98,98,95,50,89,74,84,83,97,98,81,88,42,52,88,89,90,85,82,82,71,83,95,98,80,78,86,79,84,69,44,81
Jeff Green,75,95,65,76,82,70,55,79,65,80,70,68,72,68,85,69,70,31,66,75,68,54,60,63,57,70,84,89,85,82,69,74,50,70,32,48,46
Jerami Grant,82,81,92,85,83,70,80,89,80,85,62,59,69,75,95,70,69,38,58,76,77,72,75,77,77,69,78,95,94,82,69,76,72,70,48,35,51
Jeremiah Robinson-Earl,73,76,66,73,83,75,65,79,75,75,64,65,66,50,70,66,40,40,51,58,66,52,45,62,62,60,69,80,85,80,65,69,55,66,34,61,73
Jeremy Sochan,78,75,66,79,78,90,80,80,60,80,48,52,53,79,70,65,74,37,47,74,69,68,65,70,70,60,74,90,85,80,79,79,65,82,68,52,64
Jericho Sims,72,68,69,26,52,70,65,64,80,89,60,60,60,40,80,66,40,31,67,42,66,55,40,80,80,65,83,85,90,80,30,35,34,32,28,57,77
Jermaine Samuels Jr.,68,66,66,69,63,50,40,65,70,85,58,58,59,40,70,63,63,42,47,63,60,50,40,81,78,66,82,85,85,80,52,62,68,52,35,66,65
Jerome Robinson,70,60,76,66,80,60,65,76,30,60,30,37,38,54,78,49,62,53,56,76,58,60,35,76,78,60,71,80,75,83,74,77,76,76,41,32,54
Jett Howard,71,74,78,81,80,55,60,74,35,65,50,54,54,47,85,55,67,43,56,69,72,52,45,69,69,58,72,90,80,80,69,73,66,65,44,43,58
Jevon Carter,74,81,80,77,82,80,80,75,25,35,32,34,30,40,80,34,79,56,61,83,72,75,70,76,78,60,71,85,76,81,75,79,76,70,47,29,37
Jimmy Butler,93,85,81,81,89,98,95,94,40,80,80,80,80,98,98,80,90,80,51,92,92,92,90,84,84,76,82,97,98,81,85,86,82,89,70,56,52
Jock Landale,73,90,64,63,75,80,70,60,65,60,60,60,86,66,80,65,48,41,71,48,62,60,45,54,54,64,75,80,75,80,58,52,45,64,33,78,52
Joe Ingles,75,69,75,84,86,70,35,80,40,45,50,55,48,40,70,58,80,59,40,80,78,78,75,66,67,64,60,92,70,80,75,70,60,75,72,39,62
Joel Embiid,98,97,97,80,89,90,98,89,90,80,97,96,96,98,98,92,68,46,86,68,94,64,90,69,69,95,69,95,90,76,74,57,62,82,77,83,94
John Collins,80,84,73,81,75,70,70,84,90,90,77,75,83,52,85,74,49,36,67,57,74,38,60,71,65,75,85,92,85,84,37,60,50,66,29,65,80
John Konchar,71,69,76,76,78,75,60,77,40,55,44,47,47,40,85,54,62,70,78,69,50,60,45,62,63,40,70,93,90,84,74,76,60,79,42,57,75
Johnny Davis,73,82,78,74,70,60,65,80,40,70,49,51,47,69,80,68,73,76,40,79,68,55,60,78,78,54,75,85,70,80,70,82,70,70,30,58,48
Johnny Juzang,68,70,73,70,84,50,35,71,35,75,55,59,64,44,85,50,58,35,51,63,52,50,50,70,70,55,72,85,75,80,59,72,66,62,29,43,62
Jonas Valanciunas,83,97,86,81,79,75,70,80,80,65,87,64,86,65,95,75,43,37,82,48,80,54,60,62,46,89,54,90,80,81,36,35,33,65,47,69,91
Jonathan Isaac,76,65,70,68,81,50,25,67,60,82,62,68,75,35,68,75,78,93,93,77,75,75,75,73,76,70,80,75,90,67,65,76,66,55,27,67,87
Jonathan Kuminga,80,96,89,73,71,85,90,88,65,85,49,50,50,62,85,73,73,40,51,79,70,69,50,84,84,73,90,88,80,80,69,67,75,60,40,53,61
Jontay Porter,72,72,70,73,75,75,75,68,65,70,55,52,60,40,85,62,35,30,69,50,60,54,50,56,59,72,67,85,80,80,42,48,44,52,34,52,70
Jordan Clarkson,81,94,71,75,83,85,85,90,25,75,30,37,38,80,98,43,65,41,32,73,58,49,40,79,82,54,85,80,80,83,79,88,79,81,73,45,60
Jordan Ford,67,70,78,81,84,65,50,67,25,30,27,34,32,37,69,30,55,44,30,65,59,44,45,72,72,44,68,85,75,80,73,71,72,65,57,30,49
Jordan Goodwin,73,68,72,72,87,75,80,78,25,35,33,43,48,66,80,47,71,70,52,76,70,65,70,75,75,49,55,80,75,80,78,78,68,78,68,66,66
Jordan Hawkins,75,80,74,84,87,80,80,77,25,60,37,48,44,55,80,45,65,33,35,72,67,64,50,70,71,48,67,89,80,80,72,75,68,75,36,38,53
Jordan McLaughlin,74,85,74,75,75,95,70,84,25,65,25,25,25,49,70,25,73,83,37,74,52,74,60,72,72,52,74,80,70,83,83,84,70,80,74,47,45
Jordan Miller,68,67,70,72,74,50,35,70,40,80,54,52,58,40,65,54,65,57,67,75,60,40,45,84,78,52,81,85,70,80,60,69,72,62,47,37,42
Jordan Nwora,76,86,68,84,79,98,85,76,60,65,49,47,50,69,60,52,52,37,50,65,54,50,50,59,57,60,72,82,85,78,59,64,43,65,41,48,65
Jordan Poole,79,79,74,79,86,60,85,92,45,60,29,47,44,84,80,47,65,46,47,74,65,55,30,81,81,61,73,80,65,80,83,89,80,82,66,33,43
Jordan Walsh,70,67,65,68,71,50,35,68,40,80,57,54,44,40,85,63,75,62,54,76,75,74,65,77,77,54,86,89,85,80,63,68,68,62,47,44,47
Jose Alvarado,77,78,72,80,60,75,60,83,25,30,35,30,30,40,85,31,85,95,66,86,85,85,85,76,76,42,78,80,79,80,75,73,75,68,60,41,56
Josh Giddey,80,78,79,80,78,65,70,89,45,65,55,58,55,80,90,50,69,42,56,73,69,66,65,79,79,60,74,88,90,80,96,89,79,95,72,59,73
Josh Green,76,64,74,79,62,60,65,75,30,80,35,34,30,69,95,35,79,49,40,83,79,78,75,86,86,60,80,89,90,83,70,70,72,70,49,35,51
Josh Hart,77,81,52,77,75,80,80,86,25,70,39,58,42,70,95,46,72,42,42,77,70,70,65,81,83,64,69,90,95,82,73,78,79,75,49,47,76
Josh Minott,70,74,65,64,75,50,30,75,65,80,51,55,52,40,75,48,63,63,74,70,60,65,60,72,72,62,80,80,80,80,62,63,68,60,44,66,69
Josh Okogie,74,73,78,66,77,80,60,77,30,75,42,44,44,49,70,50,81,70,63,83,81,84,75,89,89,46,92,80,95,82,69,76,81,62,37,66,46
Josh Richardson,75,94,87,75,90,70,70,75,50,78,30,48,32,45,80,69,81,38,47,81,80,80,80,80,80,57,72,95,80,83,69,78,79,68,61,34,50
Joshua Primo,72,73,77,73,75,80,75,69,40,60,34,34,34,39,95,44,70,37,60,77,70,55,60,76,76,27,71,85,85,80,64,70,73,64,41,42,47
Jrue Holiday,85,89,57,85,83,80,80,85,25,65,30,72,40,49,98,66,95,64,61,96,89,93,95,79,79,49,68,90,92,80,84,86,79,85,66,51,62
Jules Bernard,68,69,75,75,78,65,50,75,40,60,30,45,48,60,69,54,64,74,47,64,68,40,45,63,61,48,70,85,65,83,65,70,60,62,50,32,43
Julian Champagnie,73,69,74,82,78,75,60,74,40,60,43,44,52,41,73,45,67,56,74,68,55,66,40,69,69,37,67,85,75,80,66,68,65,64,35,36,53
Julian Phillips,70,67,68,69,82,70,40,67,45,80,35,38,38,55,75,50,68,46,47,78,60,62,60,73,73,40,80,85,90,80,60,66,67,57,44,57,55
Julian Strawther,74,84,74,76,75,80,80,79,35,60,40,40,40,44,95,44,65,49,51,70,60,65,55,63,63,53,64,90,75,80,64,74,57,65,40,30,51
Julius Randle,86,90,88,73,74,75,95,85,85,80,79,60,86,92,85,77,73,35,42,76,73,52,75,73,76,87,69,95,90,84,74,80,68,84,70,57,82
Justin Holiday,73,74,53,81,82,80,80,73,60,73,40,42,43,50,63,60,75,63,35,75,74,78,65,66,71,45,82,85,80,78,65,72,60,69,38,32,47
Justin Minaya,69,55,70,77,50,65,50,64,35,55,44,47,47,37,85,62,69,69,59,71,72,52,60,70,70,55,75,85,80,81,65,70,65,65,37,48,55
Justise Winslow,74,72,52,74,71,65,50,70,40,70,42,44,48,62,87,63,79,56,52,80,77,78,70,75,75,65,74,90,80,82,75,74,73,64,65,61,62
Jusuf Nurkic,82,90,79,67,72,80,80,68,75,65,80,72,80,70,85,78,45,46,75,49,79,60,70,51,37,90,50,86,75,72,60,40,25,82,67,80,91
Karl-Anthony Towns,87,95,86,87,90,85,95,78,90,75,85,84,85,70,98,69,50,38,55,61,79,55,55,76,76,87,70,98,80,82,60,65,66,79,57,55,85
Kawhi Leonard,92,97,87,87,87,98,98,90,55,80,65,88,85,76,98,79,94,70,60,94,95,90,95,84,84,79,79,87,85,82,79,86,83,78,62,43,66
Keegan Murray,83,95,90,83,85,90,85,77,60,80,69,69,69,65,80,68,78,53,51,79,64,75,75,76,76,60,79,85,86,80,65,70,73,66,32,48,62
Keita Bates-Diop,73,79,74,73,72,70,80,77,55,65,54,63,60,50,70,63,63,56,68,74,60,60,35,77,77,60,72,80,70,76,58,66,66,56,33,53,60
Keldon Johnson,80,88,79,79,77,60,85,87,65,75,59,62,62,84,95,67,73,40,40,73,69,64,65,76,78,70,71,90,95,80,74,79,73,74,66,47,67
Kelly Olynyk,79,94,78,85,90,85,90,75,70,60,79,79,79,79,78,70,50,59,51,35,66,45,65,31,33,70,55,89,90,82,60,42,25,66,74,60,73
Kelly Oubre Jr.,79,76,90,80,76,80,80,79,40,84,45,53,52,84,88,49,74,66,55,76,70,75,55,72,82,58,95,90,75,84,73,74,69,75,30,47,57
Kendall Brown,69,70,68,73,69,80,40,67,57,80,39,38,40,34,80,59,68,55,52,68,65,65,60,74,74,44,84,85,81,80,70,71,67,69,50,39,47
Kenneth Lofton Jr.,72,83,74,70,59,70,50,74,55,75,70,68,70,50,80,57,38,38,50,57,57,52,50,64,64,82,70,85,90,80,60,62,58,64,66,77,73
Kenrich Williams,74,87,89,83,44,75,80,79,40,65,40,52,54,55,90,68,75,53,45,75,74,75,75,66,66,63,72,80,90,80,69,69,63,69,51,52,59
Kentavious Caldwell-Pope,77,91,94,87,90,60,60,76,35,73,35,58,35,40,90,45,84,63,55,84,82,82,80,85,82,60,69,92,85,84,75,75,80,82,40,33,39
Kenyon Martin Jr.,74,89,68,70,68,60,50,82,75,92,44,44,44,70,75,54,67,78,40,70,62,54,50,83,83,62,90,80,60,81,64,76,69,64,39,46,47
Keon Ellis,70,70,70,80,74,70,50,73,25,65,27,40,38,54,78,29,60,63,71,70,50,68,40,81,80,39,79,85,70,80,64,74,77,65,53,40,47
Keon Johnson,70,60,68,78,66,60,35,70,35,85,35,35,35,45,80,45,70,66,52,83,69,68,65,95,95,40,98,88,85,80,75,72,84,70,70,40,47
Kessler Edwards,70,64,72,76,80,50,75,68,60,65,50,50,50,45,80,59,75,36,56,74,74,75,75,72,72,77,70,80,75,80,50,64,59,64,31,40,58
Kevin Durant,96,97,94,93,87,98,98,96,60,85,74,86,86,97,98,75,84,38,67,84,85,75,85,80,80,63,77,94,85,88,78,92,80,88,74,32,73
Kevin Huerter,77,95,72,83,76,70,80,87,30,65,25,58,35,50,90,44,64,40,51,72,63,64,60,84,78,50,75,85,85,83,74,79,72,76,58,37,63
Kevin Love,78,89,75,80,82,60,45,72,70,50,77,84,84,50,95,69,50,36,47,54,75,57,50,66,38,82,70,75,96,77,65,52,33,77,70,56,95
Kevon Harris,69,75,72,81,76,70,60,75,40,75,33,56,45,49,79,60,62,53,51,64,45,60,45,71,71,58,78,85,84,80,64,69,69,65,29,59,51
Kevon Looney,78,97,58,69,69,75,70,78,75,70,55,52,62,52,66,72,46,41,51,62,74,64,65,58,69,74,63,85,96,84,55,61,48,66,63,89,85
Keyontae Johnson,68,76,68,76,71,50,35,76,50,75,52,52,50,37,60,52,62,48,50,70,60,58,45,81,78,60,81,85,80,80,52,64,68,58,42,59,69
Keyonte George,75,79,68,75,78,85,80,76,40,65,47,49,48,60,85,34,65,36,32,75,57,58,45,74,74,55,72,84,85,80,84,87,73,82,72,34,52
Khris Middleton,85,93,97,83,82,65,80,84,40,65,67,80,83,65,85,72,84,43,40,84,83,80,80,71,72,73,66,92,80,90,78,77,71,78,73,42,65
Kira Lewis Jr.,72,78,66,68,86,65,70,73,25,45,25,45,32,50,86,34,67,53,42,75,68,65,40,89,89,49,70,85,80,84,75,86,82,75,66,37,41
Klay Thompson,81,89,90,89,91,70,65,70,35,65,35,65,64,36,85,70,80,35,55,80,80,80,80,71,74,62,67,91,85,94,67,70,71,67,42,33,52
Kobe Brown,70,80,72,74,79,50,60,72,60,65,64,64,64,50,80,62,62,37,51,62,60,57,45,60,60,74,66,88,85,80,62,60,57,64,34,39,58
Kobe Bufkin,72,80,75,76,83,60,55,80,30,75,42,44,43,40,90,48,64,73,35,76,54,52,40,86,86,40,80,95,80,80,72,87,86,73,60,44,45
Kris Dunn,76,89,79,79,77,50,60,70,40,55,39,60,42,44,80,40,83,80,57,83,83,82,80,83,83,56,83,85,90,84,75,86,82,84,75,42,62
Kris Murray,72,74,70,76,73,70,60,70,60,75,50,52,52,50,80,60,66,87,52,73,65,66,50,68,68,60,75,90,80,80,60,69,62,60,33,57,56
Kristaps Porzingis,87,98,90,78,83,90,98,79,90,75,84,88,87,75,98,78,56,40,86,62,82,60,65,66,65,74,78,94,85,77,50,68,56,40,35,55,72
Kyle Anderson,75,92,75,68,69,70,80,79,55,45,45,48,41,49,70,60,79,53,66,80,78,75,75,66,67,62,66,85,64,83,78,81,65,79,71,43,61
Kyle Kuzma,81,90,73,78,76,80,98,92,75,75,66,65,66,89,95,66,67,31,55,71,65,49,60,74,74,74,75,85,95,83,66,77,67,78,70,51,69
Kyle Lowry,76,80,85,79,83,80,35,70,25,25,38,44,40,45,95,60,78,56,51,82,78,75,75,84,84,67,72,96,97,79,75,79,84,75,69,38,54
Kyrie Irving,90,95,93,86,90,90,95,95,25,30,35,70,64,85,96,32,73,56,52,76,75,86,60,85,85,37,81,97,87,80,88,99,85,89,72,38,61
LaMelo Ball,88,82,72,83,86,95,95,85,45,75,52,58,52,82,98,45,70,59,42,83,79,89,75,84,84,50,79,93,89,82,93,88,84,93,87,49,60
Lamar Stevens,73,77,83,74,70,60,65,68,65,80,61,58,64,45,86,60,69,40,56,71,66,65,55,79,79,60,91,80,90,80,62,67,69,55,29,50,67
Landry Shamet,76,84,69,82,88,85,85,79,35,70,30,38,26,69,76,25,60,49,50,76,57,50,35,85,85,41,80,85,81,81,79,78,82,77,46,27,45
Larry Nance Jr.,79,95,74,79,70,80,70,72,85,85,58,54,69,60,78,74,61,84,61,61,78,89,65,65,60,69,86,88,85,83,69,64,49,70,35,71,85
Lauri Markkanen,87,97,82,84,83,98,98,79,75,75,83,83,86,88,95,66,65,42,56,65,66,64,65,63,60,61,62,85,85,80,55,65,42,75,35,65,76
LeBron James,96,91,76,83,71,98,98,98,80,89,82,90,84,96,98,79,79,66,75,79,78,90,60,87,87,89,89,99,93,97,90,87,85,97,81,54,78
Leaky Black,67,67,65,70,74,50,25,66,40,80,42,38,40,38,70,59,69,62,65,73,70,65,55,75,69,50,77,85,80,80,55,60,63,50,32,41,56
Leonard Miller,70,74,70,72,79,60,50,75,65,85,59,54,55,37,80,57,63,52,57,67,60,59,40,73,73,55,82,90,75,80,51,70,70,52,43,52,71
Lester QuiÃ±ones,67,73,71,76,75,60,35,73,25,65,42,44,40,44,80,33,63,37,31,68,52,51,40,70,70,44,74,80,68,80,64,70,64,68,59,44,56
Lindy Waters III,73,74,77,82,80,95,80,70,25,65,28,54,34,65,70,53,67,41,58,69,62,62,40,60,60,33,67,83,70,80,69,69,50,67,33,41,55
Lonnie Walker IV,78,90,80,86,76,75,75,82,40,75,48,53,48,67,75,55,74,42,56,78,62,65,35,89,89,64,83,85,65,82,70,78,77,67,44,29,55
Lonzo Ball,81,55,65,84,79,60,85,79,30,75,35,44,40,59,84,60,84,80,62,86,84,85,85,85,85,52,80,93,70,80,88,86,85,89,70,41,62
Luguentz Dort,79,85,65,85,82,70,65,86,50,85,40,38,44,60,85,52,90,43,67,90,90,88,90,79,78,70,87,92,94,80,62,72,76,62,32,52,50
Luka Doncic,97,98,87,88,83,98,98,98,65,75,85,85,87,98,98,66,74,59,65,75,74,76,75,84,84,72,79,98,98,85,98,98,83,98,96,68,81
Luka Garza,72,86,70,75,79,70,85,69,60,45,69,69,69,59,85,54,30,32,42,32,52,56,30,40,40,69,48,80,85,80,55,35,34,55,44,91,60
Luka Samanic,70,74,68,68,50,65,50,75,65,60,64,62,69,44,70,59,48,53,51,60,75,52,50,72,74,63,79,80,75,80,59,64,57,68,50,35,76
Luke Kennard,77,85,83,88,94,90,85,70,30,60,28,50,35,49,95,35,51,38,32,65,50,50,45,69,68,40,60,92,85,80,76,78,66,79,62,34,60
Luke Kornet,76,91,56,70,82,75,60,60,75,60,69,68,69,48,85,74,32,49,87,34,76,54,70,38,37,66,62,85,85,77,50,43,33,60,34,87,57
Malachi Flynn,73,88,64,78,77,84,80,84,25,25,25,37,25,69,73,27,69,53,51,76,69,68,55,73,73,44,65,83,70,82,74,76,73,73,69,40,56
Malaki Branham,74,75,95,73,88,75,84,74,60,75,47,44,49,62,95,45,63,35,37,77,54,52,45,82,82,55,75,86,70,80,59,69,74,59,62,32,47
Malcolm Brogdon,82,86,75,86,77,80,90,87,40,70,44,45,40,92,92,65,77,41,37,80,77,74,65,77,77,56,72,93,95,84,89,86,77,92,77,37,56
Malcolm Cazalon,67,72,66,71,77,50,50,69,30,70,48,44,38,37,80,55,71,70,51,79,68,70,60,74,74,42,82,80,75,80,62,64,64,64,33,49,54
Malcolm Hill,68,61,72,80,80,60,50,66,40,60,42,40,52,41,73,45,55,46,51,64,50,44,35,65,65,47,65,80,75,73,60,68,60,57,30,53,56
Malik Beasley,77,97,81,89,77,80,80,80,45,78,63,65,41,50,76,48,66,40,32,75,60,54,45,75,75,55,79,93,85,84,69,79,68,70,31,36,56
Malik Monk,82,78,79,86,90,95,95,82,40,80,25,62,45,74,95,45,68,40,61,73,69,68,45,80,81,48,88,88,72,80,75,79,76,78,75,33,49
Mamadi Diakite,69,69,69,66,73,65,25,62,75,75,50,44,52,40,80,66,45,38,83,59,69,52,45,74,74,65,78,80,80,80,42,37,44,47,32,52,62
MarJon Beauchamp,76,79,74,82,68,75,85,79,40,70,29,42,44,65,74,54,69,36,45,74,65,69,45,76,76,52,82,89,70,80,65,70,70,67,32,47,57
Marcus Morris Sr.,74,87,80,84,78,60,60,70,55,70,68,67,67,60,84,64,68,41,61,70,70,61,60,73,47,75,69,94,80,86,60,60,49,44,32,40,64
Marcus Sasser,76,90,93,85,87,75,75,80,25,50,32,37,37,47,75,35,70,49,45,83,67,67,65,75,75,47,69,85,85,80,74,80,75,74,70,29,52
Marcus Smart,81,95,90,73,81,65,40,70,25,50,25,58,78,27,70,74,91,96,45,93,90,91,90,75,82,73,83,89,90,83,75,74,74,75,71,30,45
Mark Williams,82,86,60,36,75,80,85,77,85,75,60,60,60,73,85,79,44,43,74,49,78,60,70,65,64,80,75,85,88,80,44,35,32,52,32,92,85
Markelle Fultz,80,88,60,73,78,90,90,90,30,75,42,48,69,79,81,50,75,59,52,78,72,69,40,86,85,56,85,92,75,80,86,86,85,83,70,56,42
Markieff Morris,71,83,80,84,74,50,65,67,65,67,68,77,75,40,70,75,42,40,40,50,75,50,55,57,44,84,63,91,77,92,44,42,34,78,39,40,70
Markquis Nowell,67,70,78,77,86,50,35,73,25,27,25,40,25,57,85,25,60,74,53,78,54,78,50,86,86,30,76,89,80,80,70,86,86,70,69,31,33
Marvin Bagley III,78,97,62,71,84,50,80,79,80,80,80,78,81,65,80,70,49,30,65,57,70,65,55,73,74,80,86,85,80,87,47,62,64,60,36,72,68
Mason Jones,70,71,84,80,65,70,70,70,25,65,44,40,40,64,78,54,69,40,25,74,64,62,45,64,64,46,57,80,70,80,62,71,64,60,66,34,73
Mason Plumlee,78,87,60,58,54,75,65,81,85,80,75,70,70,60,81,74,46,56,47,48,77,68,75,57,41,80,75,78,92,83,75,37,50,72,34,67,87
Matisse Thybulle,76,73,48,80,68,60,30,74,35,70,30,30,30,25,70,60,89,97,74,90,85,97,85,76,76,59,70,85,90,80,55,65,69,35,32,35,46
Matt Hurt,68,75,78,82,76,60,50,68,60,65,60,60,64,44,70,40,60,45,50,60,50,45,40,64,55,54,72,80,75,79,49,60,60,52,30,51,62
Matt Ryan,72,70,73,86,90,80,70,67,40,55,40,40,40,37,95,42,64,35,32,64,55,50,40,55,55,54,69,89,70,79,65,67,52,68,32,34,47
Max Christie,73,86,84,74,75,70,70,70,35,80,39,42,42,41,90,44,63,40,55,70,60,57,50,87,87,55,82,98,80,80,68,70,78,66,33,33,66
Max Strus,76,72,79,81,81,90,75,68,35,65,48,58,54,68,85,45,57,42,53,65,50,50,35,76,76,40,74,98,80,85,72,69,74,78,60,36,60
Maxi Kleber,75,52,70,78,71,80,35,73,75,75,67,67,64,40,80,80,78,31,68,77,78,78,80,45,38,79,56,85,85,80,70,64,45,68,34,43,59
Maxwell Lewis,69,70,70,77,79,70,40,70,35,70,30,38,26,42,76,25,68,43,47,75,60,52,50,67,67,44,75,85,80,80,60,70,62,64,42,33,42
Micah Potter,67,66,70,78,80,60,40,60,75,65,51,50,52,40,76,52,37,33,56,37,48,47,30,43,43,70,60,80,70,81,54,42,32,55,42,47,60
Michael Porter Jr.,82,81,96,84,75,80,90,86,60,80,50,62,68,55,80,60,64,33,61,73,60,68,40,80,81,68,88,88,80,66,65,78,77,62,32,51,78
Mikal Bridges,85,90,79,82,86,75,90,75,40,75,55,57,57,80,80,69,89,65,51,89,82,86,85,80,80,68,85,92,95,84,78,82,72,88,63,38,60
Mike Conley,80,90,67,87,95,70,70,76,25,30,25,40,29,60,84,31,83,46,35,82,83,80,80,83,84,40,92,85,80,82,90,89,83,90,74,32,46
Mike Muscala,72,93,80,73,77,70,60,64,75,60,68,64,66,50,64,68,53,32,57,54,67,54,45,43,37,76,58,79,80,79,60,42,40,60,36,55,69
Miles Bridges,80,81,77,76,86,80,90,88,60,90,59,60,80,88,79,60,59,46,51,76,62,68,45,75,72,73,82,88,75,85,69,76,71,74,47,36,75
Miles McBride,75,70,75,80,67,80,50,79,25,65,25,58,48,50,80,40,81,73,25,84,78,74,75,86,86,44,80,85,85,80,70,74,80,60,65,34,34
Mitchell Robinson,82,75,68,32,37,95,50,79,90,80,65,52,50,64,80,83,49,80,81,65,87,65,80,48,25,84,83,85,95,80,70,40,25,54,28,97,74
Mo Bamba,75,75,65,79,66,65,70,67,75,70,69,64,69,45,80,75,48,63,86,64,77,64,60,75,61,68,75,78,75,81,35,46,32,51,36,66,85
Monte Morris,78,93,92,82,83,85,85,79,25,50,28,45,32,70,80,44,62,40,40,70,52,55,35,83,83,41,72,85,80,81,94,86,83,94,73,34,53
Moritz Wagner,78,89,78,76,77,95,85,75,75,65,67,67,68,50,76,58,40,41,55,47,58,54,35,73,67,78,75,85,85,81,54,42,53,55,41,68,70
Moses Brown,72,68,46,26,46,80,50,76,75,60,52,42,64,55,75,72,52,33,81,54,72,58,45,42,40,74,75,75,60,80,44,44,35,58,27,86,88
Moses Moody,76,94,77,78,74,70,75,80,40,70,44,48,49,70,80,68,71,53,55,77,69,60,65,73,73,68,70,88,80,80,65,74,70,64,33,58,56
Mouhamadou Gueye,67,64,62,60,55,40,30,65,70,70,54,52,54,44,78,60,55,42,80,59,54,52,35,57,55,65,75,80,80,83,47,57,47,50,37,78,77
Mouhamed Gueye,69,68,67,66,63,60,40,65,70,75,52,51,52,58,80,60,48,52,60,55,57,50,45,67,67,63,75,88,80,80,60,60,52,62,44,68,65
Moussa Diabate,70,65,68,67,61,50,40,67,65,80,50,50,51,35,68,65,41,53,75,56,65,50,55,73,73,60,78,80,75,80,42,40,66,52,27,87,52
Myles Turner,84,94,88,78,77,80,75,79,80,65,76,80,88,55,95,86,70,36,87,66,90,70,85,56,32,80,69,95,80,83,31,35,32,68,31,64,83
Naji Marshall,76,83,91,81,81,85,65,84,45,70,60,60,63,69,80,52,60,49,51,65,62,64,40,62,62,60,75,85,70,80,67,74,62,71,61,59,65
Nassir Little,75,75,84,76,80,75,80,79,35,82,54,52,59,45,80,68,70,42,60,77,70,65,55,77,79,70,81,85,85,80,52,65,68,49,31,48,61
Nate Hinton,67,60,70,73,76,60,40,70,40,75,49,51,58,42,80,40,62,36,56,73,58,54,35,80,80,57,84,80,75,80,60,66,70,62,31,57,60
Nate Williams,70,79,79,75,85,50,50,72,40,70,37,45,48,40,80,40,52,40,53,62,50,47,40,68,68,52,70,80,65,83,65,71,65,66,45,67,50
Nathan Mensah,67,68,40,35,66,40,25,68,80,80,50,50,50,35,75,75,66,49,83,66,72,44,50,67,60,75,75,80,80,80,34,44,45,35,26,57,70
Naz Reid,80,88,76,83,92,85,90,82,80,80,72,64,72,87,94,79,54,42,62,54,77,65,65,50,49,87,75,88,92,80,59,58,49,65,33,53,68
Neemias Queta,71,68,57,40,71,50,60,61,70,65,62,60,62,40,75,70,45,46,77,48,70,48,55,59,59,76,65,80,90,80,52,38,30,62,33,83,65
Nick Richards,78,94,69,25,82,85,80,62,80,80,52,47,52,55,80,75,47,36,83,52,78,40,70,72,70,65,75,81,85,84,37,35,49,36,29,73,86
Nick Smith Jr.,72,70,60,76,74,80,50,76,40,80,37,39,38,42,80,33,63,30,67,78,57,50,40,84,84,48,86,89,75,80,70,79,84,72,60,37,44
Nickeil Alexander-Walker,75,89,76,80,62,60,75,84,40,60,54,58,64,67,88,52,78,59,62,79,70,74,75,72,75,60,70,90,75,80,75,81,72,76,57,36,40
Nicolas Batum,76,88,77,86,71,80,65,74,55,60,40,63,62,35,80,66,73,42,67,75,68,50,60,68,64,65,82,88,80,83,70,71,68,73,43,46,56
Nicolas Claxton,85,88,64,64,63,80,50,75,80,75,72,64,72,55,80,89,79,36,96,77,90,64,85,69,69,71,79,90,89,80,40,49,44,48,38,81,87
Nikola Jokic,98,99,96,80,79,98,98,91,90,75,94,95,98,90,90,79,61,53,69,47,79,66,75,63,62,93,63,97,80,83,93,76,60,98,95,74,97
Nikola Jovic,75,85,70,76,72,95,75,79,30,60,55,60,44,62,80,59,62,49,50,65,60,57,40,68,68,44,72,85,70,80,69,70,67,68,33,50,58
Nikola Vucevic,82,92,79,73,86,70,80,70,85,65,88,84,87,50,98,74,41,40,62,49,73,57,50,62,46,89,45,95,85,77,82,35,32,82,62,66,87
Noah Clowney,71,74,69,68,65,50,35,68,80,80,60,59,60,51,80,68,57,37,62,59,67,66,55,64,64,64,75,90,85,80,57,59,57,68,34,73,71
Norman Powell,79,95,76,87,86,75,80,85,25,80,30,32,28,78,88,50,79,40,52,78,77,74,75,79,83,46,80,92,90,82,74,79,77,75,31,28,47
OG Anunoby,83,64,88,84,68,80,75,70,60,85,38,37,36,60,90,79,90,73,51,90,89,89,95,81,83,68,85,85,85,81,58,72,71,52,40,41,50
Obi Toppin,79,93,75,83,78,95,75,81,85,90,67,67,69,40,90,66,48,38,57,47,62,47,40,70,69,74,90,88,70,88,55,60,56,59,34,51,61
Ochai Agbaji,75,87,72,79,81,60,50,70,65,80,52,52,52,45,78,57,80,42,60,80,79,75,70,88,88,64,85,90,90,80,60,75,78,60,32,46,47
Olivier Sarr,68,68,74,69,79,55,35,60,75,75,64,62,64,40,70,58,40,30,80,47,59,48,35,65,63,63,74,85,80,80,50,52,49,55,29,75,70
Olivier-Maxence Prosper,71,71,68,73,65,50,40,72,40,85,47,45,45,58,80,67,74,30,45,81,64,58,60,79,79,60,88,88,80,80,65,60,66,61,42,62,72
Omer Yurtseven,75,83,69,70,68,70,75,65,70,65,66,64,65,47,82,62,49,36,80,49,62,58,40,53,52,70,70,85,80,83,50,60,37,52,36,89,89
Onuralp Bitim,68,70,72,79,73,55,50,70,40,65,50,51,49,30,82,50,57,42,55,64,59,50,35,62,62,65,69,84,80,80,66,69,60,69,47,51,52
Onyeka Okongwu,80,97,88,68,85,70,80,80,85,80,54,55,57,52,80,79,64,37,74,69,83,65,65,74,74,70,75,88,95,83,51,54,60,50,34,83,74
Orlando Robinson,73,87,69,74,71,85,75,60,70,60,49,48,50,38,85,62,36,40,72,36,60,54,60,49,49,64,64,80,85,77,52,40,35,54,62,69,82
Oscar Tshiebwe,69,70,69,37,70,45,30,62,75,75,54,48,48,37,95,69,48,31,72,48,69,40,55,75,67,69,75,80,90,80,42,40,39,55,37,80,80
Oshae Brissett,73,77,67,73,68,75,75,77,70,75,64,62,59,54,81,57,40,56,50,52,57,50,35,63,67,75,79,85,80,83,47,59,52,54,30,79,62
Otto Porter Jr.,73,88,85,81,83,50,50,75,45,70,65,67,58,57,84,63,73,42,65,76,66,64,45,68,67,60,73,93,70,79,70,77,66,70,31,43,63
Ousmane Dieng,73,76,73,76,65,85,60,69,45,75,45,48,48,47,90,54,62,28,25,73,54,52,40,78,78,49,79,88,80,80,69,70,75,70,42,46,57
P.J. Tucker,74,88,74,83,83,75,40,55,50,60,49,48,50,36,81,77,80,53,51,80,74,75,80,63,63,82,66,88,90,91,70,65,44,69,28,62,55
P.J. Washington,78,87,78,76,72,80,80,75,65,80,68,70,71,74,95,62,52,43,62,67,64,62,40,75,75,68,69,85,85,79,55,70,63,60,44,47,66
Paolo Banchero,87,83,80,82,68,98,98,88,75,85,77,77,77,89,95,68,66,43,55,70,64,67,45,80,80,77,83,90,85,80,74,76,74,78,71,67,75
Pascal Siakam,87,95,87,74,74,95,90,80,80,80,88,88,88,62,90,86,79,40,47,78,86,82,80,76,78,70,79,95,80,82,72,79,69,79,70,47,66
Pat Connaughton,73,78,69,78,66,70,45,84,30,86,35,34,30,66,90,35,69,37,40,74,50,54,50,77,78,45,95,80,90,83,69,78,65,78,40,45,60
Patrick Baldwin Jr.,72,70,72,82,74,70,75,74,55,70,54,52,52,52,80,56,59,41,56,64,55,54,40,57,57,69,62,85,70,80,55,58,55,60,33,39,72
Patrick Beverley,75,92,44,74,65,75,40,70,25,45,30,35,30,38,85,70,88,42,55,88,86,63,90,76,76,60,61,90,76,78,75,78,75,77,64,47,57
Patrick Williams,77,75,81,84,85,70,75,68,60,65,44,42,40,45,80,70,76,46,70,74,80,65,65,70,70,64,77,88,75,81,60,70,64,62,34,47,54
Patty Mills,73,64,83,80,83,90,70,79,25,25,25,37,25,50,73,27,65,41,37,72,61,61,40,83,83,51,66,82,70,82,79,86,83,84,54,33,42
Paul George,90,92,81,86,93,90,98,89,55,85,40,70,75,75,80,79,87,78,50,87,88,80,85,79,79,70,88,95,75,93,78,87,79,75,65,36,64
Paul Reed,76,83,70,69,75,70,65,73,80,75,73,70,73,54,70,69,43,63,75,52,66,58,40,49,47,62,65,80,85,80,48,52,41,44,42,85,72
Payton Pritchard,75,78,72,80,77,95,80,77,25,35,40,46,35,40,75,36,60,38,35,74,60,45,35,75,75,41,66,84,78,81,79,79,75,82,68,51,51
Pete Nance,68,73,70,73,76,50,35,70,75,75,70,54,60,40,70,60,48,50,61,57,60,60,40,63,57,69,75,85,85,83,47,52,49,50,35,64,70
Peyton Watson,77,93,75,77,66,95,80,79,60,65,44,42,40,40,95,59,68,43,80,71,65,62,60,77,77,55,82,88,75,80,60,70,76,62,33,42,58
Precious Achiuwa,76,77,64,70,61,70,80,79,85,80,57,44,42,63,75,75,56,46,66,66,73,89,55,75,74,78,79,84,88,76,36,49,66,50,50,82,79
Quentin Grimes,76,72,80,82,80,85,75,75,25,70,39,58,42,65,80,46,83,46,32,83,80,78,80,86,86,63,75,85,80,80,70,74,79,65,33,33,43
R.J. Barrett,82,81,51,81,85,80,95,89,45,80,52,55,79,80,85,58,82,35,50,83,79,74,75,84,84,76,82,95,80,80,79,83,82,84,48,39,62
Rayan Rupert,69,68,63,70,74,80,40,68,45,70,40,44,42,40,70,53,70,70,36,72,70,70,65,67,67,52,69,88,85,80,68,72,65,68,45,37,43
Reggie Bullock,74,87,81,82,70,85,80,71,40,50,30,51,42,60,66,50,75,38,37,75,70,71,70,63,67,50,72,80,85,80,75,71,56,72,32,33,56
Reggie Jackson,77,91,73,82,72,80,65,79,25,65,25,48,28,44,88,49,74,41,42,74,70,74,70,84,84,48,85,95,85,84,82,86,84,75,73,34,45
Richaun Holmes,73,94,70,62,67,35,35,78,85,75,70,57,70,50,80,75,40,30,78,56,68,55,50,57,55,82,81,80,95,82,42,58,38,54,32,88,83
Ricky Council IV,68,70,75,70,79,55,35,72,45,75,40,40,40,57,80,52,60,43,45,65,54,55,40,74,70,60,80,85,70,80,67,68,70,54,44,49,59
Robert Covington,76,86,69,77,88,70,60,76,55,65,59,58,59,30,70,79,81,92,72,80,80,80,80,68,69,62,70,85,75,82,60,65,65,60,31,60,63
Robert Williams III,81,96,69,25,61,70,65,82,90,75,60,50,65,54,75,86,40,80,86,64,88,85,85,71,62,83,75,80,90,81,57,48,38,62,32,69,89
Royce Oâ€™Neale,74,69,67,81,68,85,55,74,55,70,54,52,59,59,75,68,80,43,62,83,80,68,75,62,62,67,65,80,80,82,60,68,62,63,62,42,66
Rudy Gobert,85,83,60,25,61,80,50,60,90,75,65,58,65,70,85,90,64,38,89,65,90,74,85,48,25,87,57,90,95,81,68,35,25,58,30,87,89
Rui Hachimura,79,64,93,80,77,85,80,73,80,80,74,70,72,60,85,60,54,43,45,67,59,50,35,72,74,79,80,90,85,80,51,72,67,54,32,43,57
Russell Westbrook,81,79,78,69,61,75,90,85,30,80,45,66,66,50,85,42,74,76,58,81,70,55,70,91,91,75,92,92,85,92,82,86,91,86,74,63,80
Saben Lee,71,58,74,75,74,60,85,84,25,85,25,31,30,79,77,44,60,76,30,67,55,54,30,74,74,52,69,80,76,79,80,83,73,80,71,43,46
Saddiq Bey,77,83,62,75,80,75,80,80,45,60,43,42,52,84,84,64,75,43,37,79,77,72,70,63,63,69,70,87,90,81,64,76,57,75,30,62,62
Sam Hauser,75,74,77,85,89,80,80,60,40,60,44,45,45,55,95,48,55,37,50,62,52,44,45,61,61,66,62,85,88,80,50,43,55,60,31,44,57
Sam Merrill,76,65,81,88,89,95,95,64,30,45,30,44,48,55,80,42,60,36,32,64,52,62,45,62,62,44,60,80,60,79,74,76,60,79,54,36,51
Sandro Mamukelashvili,73,72,69,72,68,60,45,69,65,65,62,60,63,54,85,65,50,37,72,49,68,52,45,59,59,73,69,85,85,80,62,59,49,69,72,68,77
Santi Aldama,77,83,74,78,61,90,85,66,70,65,69,69,69,55,85,65,63,42,66,60,74,59,55,59,59,70,59,80,80,79,60,42,54,50,43,55,77
Sasha Vezenkov,75,66,80,80,82,95,70,74,60,65,51,51,51,51,60,50,57,49,55,63,54,50,50,60,60,54,67,95,85,80,60,60,52,57,29,56,65
Scoot Henderson,77,72,71,73,77,65,40,83,35,94,44,44,44,49,95,41,66,37,47,85,65,67,50,95,95,53,95,95,80,80,79,86,95,77,73,41,47
Scottie Barnes,86,83,90,82,73,95,85,86,80,80,60,62,62,84,95,80,80,65,73,77,80,78,85,82,82,74,92,88,90,80,77,79,77,80,72,65,76
Scotty Pippen Jr.,68,73,74,73,75,50,50,73,25,65,25,36,31,62,72,31,62,41,55,70,54,55,50,82,82,39,79,82,75,80,70,76,82,70,66,36,61
Seth Curry,74,90,70,85,93,80,80,85,25,36,27,35,30,35,69,25,57,59,42,68,54,55,35,78,78,41,68,89,80,80,75,78,77,75,37,42,48
Seth Lundy,68,72,76,78,82,50,35,76,25,60,47,48,47,44,80,44,65,57,40,74,57,57,40,85,77,55,75,85,66,80,62,67,74,60,29,54,59
Shaedon Sharpe,80,74,82,78,82,90,75,85,40,96,35,37,33,82,88,49,69,40,50,80,65,75,45,89,89,50,96,94,85,80,67,83,84,67,51,44,59
Shai Gilgeous-Alexander,95,97,97,79,91,98,98,96,40,75,66,73,72,98,98,68,79,96,60,83,80,95,80,86,86,60,85,97,98,80,96,93,85,97,85,38,65
Shake Milton,73,65,88,70,83,80,70,78,30,60,46,44,40,50,89,30,65,53,42,74,58,50,40,77,79,38,77,88,85,83,79,84,77,79,49,33,50
Sidy Cissoko,69,66,67,70,65,60,35,70,50,75,48,47,47,40,85,59,66,60,60,75,68,54,50,74,74,58,80,89,80,80,61,68,66,60,42,37,39
Simone Fontecchio,75,91,78,83,87,82,85,76,40,65,50,50,50,50,69,51,65,42,56,66,64,47,45,55,55,62,55,80,95,80,55,58,52,60,35,47,53
Skylar Mays,74,92,92,74,88,80,75,70,35,45,37,52,37,57,80,42,68,59,40,75,69,60,50,70,70,42,74,92,65,80,82,79,67,82,80,34,45
Spencer Dinwiddie,79,88,53,77,79,80,85,84,35,55,49,52,52,87,98,42,74,41,40,77,68,59,70,82,82,45,75,95,85,77,88,88,82,90,73,36,52
Stanley Umude,71,73,70,79,91,65,60,67,30,60,42,43,45,47,74,52,67,40,66,68,65,57,60,67,67,52,70,85,73,82,68,68,65,68,33,35,70
Stephen Curry,95,97,96,99,93,95,98,97,25,36,35,52,35,90,98,30,75,40,51,77,78,85,65,84,84,48,73,98,98,86,93,97,84,97,71,32,56
Steven Adams,80,94,65,26,36,60,65,69,70,70,79,62,82,49,79,82,55,43,76,63,85,79,80,48,37,81,68,88,90,82,69,35,33,68,42,97,86
Sviatoslav Mykhailiuk,72,86,80,71,67,80,75,74,40,55,42,47,38,49,94,37,55,43,25,67,50,54,30,82,82,54,69,81,65,79,69,64,75,64,63,41,49
T.J. McConnell,78,96,89,68,74,70,80,76,25,25,44,58,38,40,79,49,82,89,40,82,70,87,80,76,76,44,65,85,92,83,88,79,73,86,88,46,65
Taj Gibson,73,83,82,73,71,70,45,65,75,65,81,80,79,52,77,69,58,43,61,57,78,62,60,49,46,83,58,75,85,83,33,35,32,54,38,63,60
Talen Horton-Tucker,75,81,54,76,80,90,80,82,30,80,52,60,57,78,95,44,74,70,55,78,70,70,50,70,70,69,73,85,85,80,84,82,68,84,74,35,51
Tari Eason,80,75,89,81,63,90,80,79,35,80,54,52,51,61,80,65,71,90,76,77,70,68,50,80,80,70,80,85,85,80,50,70,72,47,36,73,84
Taurean Prince,75,89,39,83,70,75,70,70,75,70,52,45,51,55,85,64,74,43,53,76,68,81,60,80,78,60,84,84,85,81,68,70,69,55,34,30,46
Taylor Hendricks,73,75,75,76,78,70,50,74,60,75,54,54,54,47,80,68,68,80,70,75,67,62,60,72,72,62,78,92,85,80,55,69,69,62,28,53,49
Taze Moore,68,69,68,69,64,60,35,70,50,83,47,44,44,40,92,49,64,37,54,73,54,58,40,77,76,55,90,85,85,82,60,68,69,57,55,50,56
Terance Mann,73,77,63,74,68,75,75,78,45,75,47,50,50,72,75,54,66,42,51,73,62,59,50,71,70,50,79,85,90,80,79,79,70,83,38,48,47
Terquavion Smith,68,69,71,73,70,70,50,84,25,60,30,32,32,55,85,30,60,48,50,69,64,63,55,82,82,42,72,85,85,80,68,79,82,60,57,32,42
Terry Rozier III,82,97,88,80,86,70,95,84,40,75,45,53,48,89,98,55,75,46,50,77,59,65,50,82,82,62,84,98,92,82,84,88,82,89,77,34,51
Terry Taylor,71,81,70,74,77,85,75,70,40,45,54,52,58,40,69,54,66,31,61,74,65,40,45,77,77,69,80,85,65,83,60,66,70,62,30,79,42
Thaddeus Young,75,93,60,57,69,60,30,79,70,70,70,70,70,30,80,82,70,89,40,78,82,70,80,72,63,80,83,78,85,85,69,65,50,82,49,68,62
Thanasis Antetokounmpo,70,71,66,66,50,65,40,80,40,85,53,50,60,69,64,42,59,33,51,60,54,50,40,77,75,42,82,80,90,87,54,69,69,75,38,64,61
Theo Maledon,71,63,75,49,85,85,60,79,35,50,37,49,40,64,80,37,56,49,25,65,40,54,30,77,77,39,72,84,75,80,84,83,77,84,66,35,52
Thomas Bryant,74,93,86,74,82,50,70,70,75,65,76,76,76,58,78,63,40,42,63,57,79,50,45,62,57,80,52,88,95,82,40,53,53,42,33,72,87
Tim Hardaway Jr.,79,84,91,81,88,80,90,86,35,78,36,53,38,70,71,45,70,32,27,75,63,58,40,68,72,55,78,85,83,83,75,78,68,84,36,30,56
Tobias Harris,83,94,92,81,90,80,95,82,65,75,70,70,86,68,95,59,58,41,53,67,66,64,60,75,59,73,79,97,73,82,77,79,56,78,50,41,67
Torrey Craig,75,74,59,80,78,95,50,79,35,60,50,62,55,50,70,74,79,43,57,80,79,75,75,63,61,49,73,80,35,80,52,69,58,50,33,67,67
Tosan Evbuomwan,68,70,72,73,80,60,50,66,40,65,52,52,58,35,69,57,57,40,37,60,47,55,30,64,60,58,68,88,85,85,69,75,60,69,48,52,66
Toumani Camara,73,65,67,72,68,85,75,70,60,70,47,52,45,62,85,54,52,59,56,52,50,54,50,63,61,49,73,80,85,80,58,65,58,57,30,65,62
Trae Young,89,94,86,83,89,95,98,94,25,30,28,60,34,96,80,31,55,56,35,70,58,70,30,84,84,50,78,95,75,86,82,92,84,97,94,34,45
Trayce Jackson-Davis,77,89,70,44,63,70,70,79,80,80,60,60,60,50,75,63,58,38,85,58,57,55,50,79,79,63,88,85,85,80,62,66,69,64,41,86,77
Tre Jones,78,86,73,66,84,85,85,86,25,35,32,34,30,74,80,34,75,46,37,79,70,76,65,80,80,60,71,85,75,81,85,84,80,85,74,40,50
Tre Mann,75,78,94,76,76,92,90,83,25,60,35,55,60,59,85,49,66,46,47,69,60,59,40,74,74,53,68,88,75,80,80,83,73,78,54,36,54
Trendon Watford,76,95,68,79,82,85,85,79,75,80,69,69,69,69,70,66,52,56,56,52,52,50,40,63,63,79,80,85,80,80,59,50,57,62,68,61,72
Trent Forrest,70,90,72,62,85,60,65,83,40,60,59,62,62,72,95,58,60,40,40,70,60,55,40,82,82,59,75,80,80,80,70,76,78,68,63,35,57
Trevelin Queen,67,67,68,72,73,70,40,70,40,75,30,45,45,66,80,40,60,83,63,70,55,47,40,70,70,49,75,80,65,83,65,70,66,62,51,54,64
Trey Jemison,68,70,50,29,68,50,40,60,75,75,70,54,67,40,80,69,37,28,79,52,60,50,45,55,47,76,72,90,90,82,44,40,44,45,27,77,78
Trey Lyles,76,80,75,82,65,80,70,77,70,65,72,74,74,69,80,68,36,27,56,52,64,62,40,66,59,69,65,81,80,84,55,58,54,68,36,50,83
Trey Murphy III,80,87,73,85,83,98,90,74,65,88,42,44,43,50,90,69,69,41,52,70,69,59,65,84,84,60,82,85,85,80,59,50,74,64,40,38,62
Tristan Thompson,74,90,70,62,48,45,40,65,85,75,69,50,62,40,80,75,54,35,62,64,79,58,55,63,52,74,74,80,85,90,31,39,30,70,46,93,72
Troy Brown Jr.,75,82,73,82,85,70,55,70,30,70,54,59,54,65,80,48,72,37,37,78,72,71,55,70,71,58,69,85,80,81,75,77,61,75,41,46,63
Ty Jerome,74,96,87,82,92,65,60,79,40,45,38,37,40,65,80,40,66,41,37,73,65,68,50,69,69,56,62,85,85,80,84,86,68,84,71,30,48
TyTy Washington,72,78,77,70,75,85,60,76,25,75,25,38,26,50,80,55,66,49,37,76,62,70,40,80,80,54,79,95,85,80,68,86,80,69,60,27,52
Tyler Herro,84,90,84,86,88,90,98,93,30,60,37,55,48,84,95,46,69,56,32,70,65,60,50,79,78,59,72,85,75,80,79,83,74,84,71,33,67
Tyrese Haliburton,93,98,97,86,88,95,98,93,40,65,42,49,40,92,95,60,77,46,56,76,78,75,75,83,83,59,70,95,90,80,98,92,83,98,98,36,55
Tyrese Maxey,87,88,82,83,89,95,98,92,25,70,45,60,47,91,95,52,79,38,52,83,69,68,65,89,89,44,80,98,95,77,84,86,88,86,73,33,47
Tyus Jones,80,95,89,84,77,85,80,89,25,30,28,40,35,74,78,30,67,56,47,70,60,80,50,71,71,34,57,92,87,84,84,86,69,88,73,30,50
Udoka Azubuike,72,64,34,25,35,40,25,70,85,75,44,45,48,40,35,76,44,25,88,51,74,54,55,72,70,80,93,79,75,83,25,35,44,34,29,84,81
Usman Garuba,73,67,59,82,62,60,50,79,60,70,48,44,48,60,92,70,70,66,68,75,72,80,75,68,68,70,69,85,95,80,60,66,60,67,37,87,79
Vasilije Micic,73,76,79,64,87,70,75,76,25,40,31,43,42,60,95,35,63,43,55,67,60,50,40,75,75,44,62,88,80,82,80,78,75,84,74,35,37
Victor Wembanyama,88,88,69,74,81,98,98,82,85,75,82,82,82,80,98,84,45,56,98,44,85,78,85,66,66,57,69,94,90,88,68,70,64,68,61,65,92
Vince Williams Jr.,76,68,71,79,78,60,65,69,35,70,41,53,39,44,76,55,80,80,67,82,78,80,80,68,68,52,70,87,80,80,69,70,60,65,40,59,79
Vit Krejci,70,70,64,75,54,60,60,72,45,70,35,38,38,55,75,50,60,42,37,71,59,58,40,75,75,40,76,80,75,80,69,70,70,70,47,44,59
Vlatko Cancar,73,88,70,82,92,80,70,77,45,65,42,44,45,45,80,48,73,40,53,74,68,65,65,60,60,63,70,80,65,87,52,64,54,54,43,41,58
Walker Kessler,81,82,68,66,54,80,60,65,85,75,74,66,74,59,95,86,65,36,96,52,88,58,85,37,37,74,60,88,90,80,42,44,35,48,29,80,83
Wendell Carter Jr.,79,83,78,83,67,75,65,78,80,75,82,82,81,70,85,78,47,32,60,50,80,70,70,68,55,82,68,85,90,81,56,50,47,70,40,60,82
Wendell Moore Jr.,71,66,70,76,81,70,45,71,50,80,52,52,52,52,72,66,72,76,67,82,70,72,60,70,70,58,83,85,90,80,57,67,68,54,60,40,50
Wesley Matthews,71,77,68,71,79,65,30,78,45,50,63,65,65,45,85,38,78,59,56,79,75,79,70,70,75,55,70,85,80,84,72,75,68,77,32,35,53
Xavier Moon,67,70,70,78,89,55,50,74,25,40,27,34,32,47,69,30,50,76,40,64,44,37,30,73,73,44,70,85,75,80,66,73,70,65,73,33,47
Xavier Tillman,74,80,63,58,45,65,50,70,75,65,70,70,70,46,95,78,66,85,81,67,80,84,75,46,44,72,69,82,94,80,62,61,37,68,41,66,68
Yuta Watanabe,72,69,60,78,72,80,60,70,40,60,40,43,45,59,85,58,63,38,57,71,66,65,60,67,67,60,74,80,85,80,60,69,65,63,29,42,48
Zach Collins,78,96,87,74,81,80,90,70,70,65,72,70,85,50,75,68,45,37,66,57,70,65,50,66,65,60,79,78,80,80,30,40,38,30,67,63,68
Zach LaVine,83,88,90,81,87,75,80,88,60,95,59,59,59,82,98,62,69,41,42,75,68,69,65,84,84,49,97,98,85,83,79,88,81,88,61,30,64
Zeke Nnaji,72,82,76,73,62,65,45,77,80,70,69,67,67,69,77,69,54,38,86,57,57,42,45,77,77,70,82,80,89,83,33,37,52,42,32,87,55
Zhaire Smith,68,66,68,76,78,50,35,71,35,80,33,48,40,59,75,40,68,57,42,78,62,60,50,87,85,58,91,90,85,82,66,70,72,62,45,29,67
Ziaire Williams,74,58,68,76,77,50,35,82,65,80,48,44,58,55,75,60,73,41,52,77,70,71,65,87,87,40,82,90,88,80,50,79,82,54,42,42,68
Zion Williamson,89,86,70,70,64,90,95,98,95,97,90,80,87,90,95,59,55,46,52,76,64,70,40,85,85,92,99,83,95,60,65,78,74,72,72,60,62
